selection_order,appid,name,sale_year,evidence_category,sale_start_utc,sale_end_utc,release_date,eligibility_reason,pre_observed_state,post_observed_state,pre_gap_days,post_gap_days,pre_timestamp_utc,post_timestamp_utc,pre_price,pre_regular_price,pre_cut,post_price,post_regular_price,post_cut,in_window_record_count,in_window_discount_count,in_window_full_price_count,history_conflicting_timestamp_groups,empty_raw_history,selection_rationale
1,8930,Sid Meier's Civilization® V,2023,D,2023-11-21T18:00:00Z,2023-11-28T18:00:00Z,2010-09-21,release_date_before_sale_start_date,full_price,discount,1054.75,166.9692476851852,2021-01-01T00:00:00Z,2024-05-13T17:15:43Z,29.99,29.99,0,7.49,29.99,75,0,0,0,0,False,very_old_D; longest pre-gap in 2023; distinct games across old stratum
2,9730,Tycoon City: New York,2023,A,2023-11-21T18:00:00Z,2023-11-28T18:00:00Z,2008-03-12,release_date_before_sale_start_date,discount,full_price,78.03947916666667,0.008576388888888889,2023-09-04T17:03:09Z,2023-11-28T18:12:21Z,3.99,9.99,60,9.99,9.99,0,1,1,0,0,False,positive_control_A; smallest eligible AppID without history conflicts in 2023
3,115320,Prototype 2,2023,A,2023-11-21T18:00:00Z,2023-11-28T18:00:00Z,2012-07-24,release_date_before_sale_start_date,full_price,full_price,0.9814236111111111,0.008923611111111111,2023-11-20T18:26:45Z,2023-11-28T18:12:51Z,39.99,39.99,0,39.99,39.99,0,1,1,0,3,False,historical_timestamp_conflict; highest group count then AppID/year; distinct games
4,234490,Rush Bros.,2023,A,2023-11-21T18:00:00Z,2023-11-28T18:00:00Z,2013-05-24,release_date_before_sale_start_date,full_price,full_price,131.0346412037037,0.00917824074074074,2023-07-13T17:10:07Z,2023-11-28T18:13:13Z,9.99,9.99,0,9.99,9.99,0,1,1,0,1,False,historical_timestamp_conflict; highest group count then AppID/year; distinct games
5,1740720,Have a Nice Death,2023,D,2023-11-21T18:00:00Z,2023-11-28T18:00:00Z,2023-03-22,release_date_before_sale_start_date,full_price,discount,19.022002314814817,23.178159722222222,2023-11-02T17:28:19Z,2023-12-21T22:16:33Z,24.99,24.99,0,16.74,24.99,33,0,0,0,0,False,recent_full_price_D; closest in 2023; sampling-only 30-day stratum
6,1894600,Monster,2023,D,2023-11-21T18:00:00Z,2023-11-28T18:00:00Z,2022-09-02,release_date_before_sale_start_date,missing,missing,,,,,,,,,,,0,0,0,0,True,empty_ITAD_history; smallest AppID/year; absence is not a negative
7,2268470,HOPE LEFT ME,2023,B,2023-11-21T18:00:00Z,2023-11-28T18:00:00Z,2023-03-10,release_date_before_sale_start_date,discount,missing,2.9974189814814816,,2023-11-18T18:03:43Z,,1.59,1.99,20,,,,1,0,1,0,False,all_Category_B; includes unresolved same-day eligibility where applicable
8,2621900,Railway Islands 2 - Puzzle,2023,D,2023-11-21T18:00:00Z,2023-11-28T18:00:00Z,2023-11-20,release_date_before_sale_start_date,discount,full_price,1.2060300925925926,0.15810185185185185,2023-11-20T13:03:19Z,2023-11-28T21:47:40Z,2.99,3.99,25,3.99,3.99,0,0,0,0,0,False,recent_discount_D; three smallest pre-gaps; no persistence inference
9,2650840,nekowater,2023,B,2023-11-21T18:00:00Z,2023-11-28T18:00:00Z,2023-11-21,release_date_on_sale_start_date; exact release hour unavailable,missing,full_price,,7.606793981481482,,2023-12-06T08:33:47Z,,,,1.99,1.99,0,1,0,1,0,False,all_Category_B; includes unresolved same-day eligibility where applicable
10,7830,Men of War™,2024,D,2024-11-27T18:00:00Z,2024-12-04T18:00:00Z,2009-05-06,release_date_before_sale_start_date,discount,full_price,0.9871064814814815,0.012407407407407407,2024-11-26T18:18:34Z,2024-12-04T18:17:52Z,0.74,4.99,85,4.99,4.99,0,0,0,0,0,False,recent_discount_D; three smallest pre-gaps; no persistence inference
11,202410,Scoregasm,2024,D,2024-11-27T18:00:00Z,2024-12-04T18:00:00Z,2012-02-08,release_date_before_sale_start_date,full_price,missing,1426.75,,2021-01-01T00:00:00Z,,4.99,4.99,0,,,,0,0,0,0,False,very_old_D; longest pre-gap in 2024; distinct games across old stratum
12,303680,FATE: The Traitor Soul,2024,D,2024-11-27T18:00:00Z,2024-12-04T18:00:00Z,2014-08-27,release_date_before_sale_start_date,full_price,discount,15.985150462962963,173.05594907407408,2024-11-11T18:21:23Z,2025-05-26T19:20:34Z,7.99,7.99,0,6.39,7.99,20,0,0,0,0,False,recent_full_price_D; closest in 2024; sampling-only 30-day stratum
13,7830,Men of War™,2025,A,2025-09-29T17:00:00Z,2025-10-06T17:00:00Z,2009-05-06,release_date_before_sale_start_date,full_price,full_price,80.98799768518519,0.012546296296296297,2025-07-10T17:17:17Z,2025-10-06T17:18:04Z,4.99,4.99,0,4.99,4.99,0,1,1,0,0,False,positive_control_A; smallest eligible AppID without history conflicts in 2025
14,219200,Droid Assault,2025,D,2025-09-29T17:00:00Z,2025-10-06T17:00:00Z,2013-01-09,release_date_before_sale_start_date,full_price,discount,3.2915046296296295,73.05475694444445,2025-09-26T10:00:14Z,2025-12-18T18:18:51Z,9.99,9.99,0,4.29,9.99,57,0,0,0,0,False,recent_full_price_D; closest in 2025; sampling-only 30-day stratum
15,314300,CubeZ,2025,D,2025-09-29T17:00:00Z,2025-10-06T17:00:00Z,2014-12-01,release_date_before_sale_start_date,full_price,missing,1732.7083333333333,,2021-01-01T00:00:00Z,,7.99,7.99,0,,,,0,0,0,0,False,very_old_D; longest pre-gap in 2025; distinct games across old stratum
16,1158850,The Great Ace Attorney Chronicles,2025,D,2025-09-29T17:00:00Z,2025-10-06T17:00:00Z,2021-07-26,release_date_before_sale_start_date,discount,full_price,5.986840277777778,1.0134722222222223,2025-09-23T17:18:57Z,2025-10-07T17:19:24Z,15.99,39.99,60,39.99,39.99,0,0,0,0,0,False,recent_discount_D; three smallest pre-gaps; no persistence inference
17,1836120,QUICKERFLAK,2025,D,2025-09-29T17:00:00Z,2025-10-06T17:00:00Z,2022-01-12,release_date_before_sale_start_date,full_price,discount,8.008136574074074,17.013194444444444,2025-09-21T16:48:17Z,2025-10-23T17:19:00Z,0.99,0.99,0,0.49,0.99,51,0,0,0,0,False,recent_full_price_D; additional smallest pre-gap
18,2205710,Hentai Beauty,2025,B,2025-09-29T17:00:00Z,2025-10-06T17:00:00Z,2022-11-22,release_date_before_sale_start_date,discount,discount,12.988738425925925,25.013136574074075,2025-09-16T17:16:13Z,2025-10-31T17:18:55Z,0.49,0.99,51,0.49,0.99,51,1,0,1,0,False,all_Category_B; includes unresolved same-day eligibility where applicable
