appid,sale_year,prediction_cutoff_utc,game_age_days,release_year,release_month,release_quarter,prior_price_record_count,prior_discount_count,prior_discount_rate,days_since_last_price_record,days_since_last_discount,max_prior_discount_pct,mean_prior_discount_pct,last_observed_price,last_observed_discount_pct,has_prior_price_history,has_prior_discount_observation,audit_release_hour_uncertain,discount_observed
7830,2023,2023-11-21T18:00:00Z,5312,2009,5,2,30,15,0.5,131.0352662037037,152.02847222222223,85,81.66666666666667,4.99,0,1,1,0,0
7830,2024,2024-11-27T18:00:00Z,5684,2009,5,2,41,21,0.5121951219512195,0.9871064814814815,0.9871064814814815,85,82.61904761904762,0.74,85,1,1,0,0
7830,2025,2025-09-29T17:00:00Z,5990,2009,5,2,52,26,0.5,80.98799768518519,94.81318287037037,85,83.07692307692308,4.99,0,1,1,0,1
8930,2023,2023-11-21T18:00:00Z,4809,2010,9,3,1,0,0.0,1054.75,,,,29.99,0,1,0,0,0
8930,2024,2024-11-27T18:00:00Z,5181,2010,9,3,5,2,0.4,86.02907407407407,100.02975694444444,75,75,29.99,0,1,1,0,0
8930,2025,2025-09-29T17:00:00Z,5487,2010,9,3,12,6,0.5,10.986493055555556,10.986493055555556,75,75,7.49,75,1,1,0,0
9730,2023,2023-11-21T18:00:00Z,5732,2008,3,1,27,14,0.5185185185185185,78.03947916666667,78.03947916666667,86,72.92857142857143,3.99,60,1,1,0,1
9730,2024,2024-11-27T18:00:00Z,6104,2008,3,1,43,22,0.5116279069767442,30.004965277777778,37.02885416666667,86,69.4090909090909,9.99,0,1,1,0,1
9730,2025,2025-09-29T17:00:00Z,6410,2008,3,1,61,31,0.5081967213114754,0.9890162037037037,6.988645833333333,86,72.3225806451613,9.99,0,1,1,0,1
15170,2023,2023-11-21T18:00:00Z,5670,2008,5,2,50,25,0.5,0.9978125,14.98519675925926,75,75,9.99,0,1,1,0,1
15170,2024,2024-11-27T18:00:00Z,6042,2008,5,2,68,34,0.5,51.021967592592596,58.027372685185185,75,75,9.99,0,1,1,0,1
15170,2025,2025-09-29T17:00:00Z,6348,2008,5,2,84,42,0.5,49.98921296296297,63.98923611111111,75,75,9.99,0,1,1,0,1
20710,2023,2023-11-21T18:00:00Z,5496,2008,11,4,22,11,0.5,204.0351736111111,211.02899305555556,75,72.72727272727273,7.99,0,1,1,0,1
20710,2024,2024-11-27T18:00:00Z,5868,2008,11,4,28,14,0.5,267.9840972222222,274.9870949074074,75,73.21428571428571,7.99,0,1,1,0,0
20710,2025,2025-09-29T17:00:00Z,6174,2008,11,4,34,17,0.5,80.98804398148148,94.8422337962963,75,73.52941176470588,7.99,0,1,1,0,1
38210,2023,2023-11-21T18:00:00Z,5087,2009,12,4,34,16,0.47058823529411764,57.037337962962965,64.02649305555556,83,74.8125,3.99,0,1,1,0,1
38210,2024,2024-11-27T18:00:00Z,5459,2009,12,4,48,23,0.4791666666666667,136.02958333333333,153.0204513888889,83,76.47826086956522,3.99,0,1,1,0,1
38210,2025,2025-09-29T17:00:00Z,5765,2009,12,4,64,31,0.484375,20.988483796296297,27.9884375,83,78.06451612903226,3.99,0,1,1,0,1
61600,2023,2023-11-21T18:00:00Z,4753,2010,11,4,16,8,0.5,131.035,144.84858796296297,85,81.25,4.99,0,1,1,0,1
61600,2024,2024-11-27T18:00:00Z,5125,2010,11,4,24,12,0.5,139.02855324074073,153.02939814814815,85,81.25,4.99,0,1,1,0,1
61600,2025,2025-09-29T17:00:00Z,5431,2010,11,4,30,15,0.5,80.98791666666666,94.81288194444444,85,81,4.99,0,1,1,0,1
115320,2023,2023-11-21T18:00:00Z,4137,2012,7,3,54,27,0.5,0.9814236111111111,5.986412037037037,75,73.81481481481481,39.99,0,1,1,0,1
115320,2024,2024-11-27T18:00:00Z,4509,2012,7,3,72,36,0.5,64.02863425925926,71.03099537037038,75,74.11111111111111,39.99,0,1,1,0,1
115320,2025,2025-09-29T17:00:00Z,4815,2012,7,3,88,44,0.5,44.988703703703706,58.98905092592592,75,74.27272727272727,39.99,0,1,1,0,1
202410,2023,2023-11-21T18:00:00Z,4304,2012,2,1,1,0,0.0,1054.75,,,,4.99,0,1,0,0,0
202410,2024,2024-11-27T18:00:00Z,4676,2012,2,1,1,0,0.0,1426.75,,,,4.99,0,1,0,0,0
202410,2025,2025-09-29T17:00:00Z,4982,2012,2,1,1,0,0.0,1732.7083333333333,,,,4.99,0,1,0,0,0
213670,2023,2023-11-21T18:00:00Z,3550,2014,3,1,42,21,0.5,27.02634259259259,34.02797453703704,75,75,29.99,0,1,1,0,1
213670,2024,2024-11-27T18:00:00Z,3922,2014,3,1,60,30,0.5,47.530972222222225,54.53099537037037,80,75.16666666666667,29.99,0,1,1,0,1
213670,2025,2025-09-29T17:00:00Z,4228,2014,3,1,80,40,0.5,7.989143518518518,14.989085648148148,90,75.75,29.99,0,1,1,0,1
218740,2023,2023-11-21T18:00:00Z,4038,2012,10,4,26,13,0.5,21.027743055555554,32.02842592592592,90,80.38461538461539,19.99,0,1,1,0,1
218740,2024,2024-11-27T18:00:00Z,4410,2012,10,4,34,17,0.5,139.02842592592592,153.0291550925926,90,78.82352941176471,19.99,0,1,1,0,1
218740,2025,2025-09-29T17:00:00Z,4716,2012,10,4,44,22,0.5,80.9878125,94.77549768518519,90,77.27272727272727,19.99,0,1,1,0,1
219200,2023,2023-11-21T18:00:00Z,3968,2013,1,1,33,16,0.48484848484848486,22.017175925925926,29.033159722222223,75,52.125,12.99,0,1,1,0,1
219200,2024,2024-11-27T18:00:00Z,4340,2013,1,1,46,23,0.5,139.02842592592592,153.02484953703703,75,52.608695652173914,12.99,0,1,1,0,1
219200,2025,2025-09-29T17:00:00Z,4646,2013,1,1,59,29,0.4915254237288136,3.2915046296296295,76.98895833333333,75,51.51724137931034,9.99,0,1,1,0,0
228320,2023,2023-11-21T18:00:00Z,3928,2013,2,1,7,4,0.5714285714285714,987.9849652777777,987.9849652777777,75,75,3.74,75,1,1,0,0
228320,2024,2024-11-27T18:00:00Z,4300,2013,2,1,7,4,0.5714285714285714,1359.9849652777777,1359.9849652777777,75,75,3.74,75,1,1,0,0
228320,2025,2025-09-29T17:00:00Z,4606,2013,2,1,7,4,0.5714285714285714,1665.943298611111,1665.943298611111,75,75,3.74,75,1,1,0,0
234490,2023,2023-11-21T18:00:00Z,3833,2013,5,2,24,12,0.5,131.0346412037037,145.029375,90,90,9.99,0,1,1,0,1
234490,2024,2024-11-27T18:00:00Z,4205,2013,5,2,32,16,0.5,136.0605439814815,153.02900462962964,90,87.8125,9.99,0,1,1,0,1
234490,2025,2025-09-29T17:00:00Z,4511,2013,5,2,42,21,0.5,55.987939814814816,62.97952546296296,90,88.33333333333333,9.99,0,1,1,0,1
242960,2023,2023-11-21T18:00:00Z,3710,2013,9,3,46,23,0.5,19.017719907407407,26.03420138888889,86,85.95652173913044,6.99,0,1,1,0,1
242960,2024,2024-11-27T18:00:00Z,4082,2013,9,3,64,32,0.5,22.987384259259258,30.019247685185185,86,85.96875,6.99,0,1,1,0,0
242960,2025,2025-09-29T17:00:00Z,4388,2013,9,3,70,35,0.5,50.986921296296295,64.98875,86,85.97142857142858,6.99,0,1,1,0,1
252490,2023,2023-11-21T18:00:00Z,2112,2018,2,1,35,17,0.4857142857142857,131.03006944444445,144.8227777777778,50,36,39.99,0,1,1,0,1
252490,2024,2024-11-27T18:00:00Z,2484,2018,2,1,54,27,0.5,17.987395833333334,19.989212962962963,50,37.2962962962963,39.99,0,1,1,0,1
252490,2025,2025-09-29T17:00:00Z,2790,2018,2,1,70,35,0.5,45.983518518518515,52.988506944444445,50,39.05714285714286,39.99,0,1,1,0,1
262470,2023,2023-11-21T18:00:00Z,3290,2014,11,4,28,14,0.5,4.112349537037037,18.11228009259259,80,47.142857142857146,9.99,0,1,1,0,1
262470,2024,2024-11-27T18:00:00Z,3662,2014,11,4,36,18,0.5,139.02819444444444,153.02194444444444,80,45,9.99,0,1,1,0,1
262470,2025,2025-09-29T17:00:00Z,3968,2014,11,4,46,23,0.5,82.98913194444444,89.98924768518519,80,44.34782608695652,9.99,0,1,1,0,0
270880,2023,2023-11-21T18:00:00Z,2849,2016,2,1,68,34,0.5,21.027280092592594,33.02741898148148,75,75,19.99,0,1,1,0,1
270880,2024,2024-11-27T18:00:00Z,3221,2016,2,1,92,46,0.5,24.030821759259258,34.02859953703704,90,75.32608695652173,19.99,0,1,1,0,1
270880,2025,2025-09-29T17:00:00Z,3527,2016,2,1,110,55,0.5,27.988368055555554,34.9809375,90,75.27272727272727,19.99,0,1,1,0,1
282010,2023,2023-11-21T18:00:00Z,9640,1997,6,2,8,4,0.5,990.9852546296296,993.9851967592592,80,76.25,9.99,0,1,1,0,0
282010,2024,2024-11-27T18:00:00Z,10012,1997,6,2,8,4,0.5,1362.9852546296297,1365.9851967592592,80,76.25,9.99,0,1,1,0,0
282010,2025,2025-09-29T17:00:00Z,10318,1997,6,2,8,4,0.5,1668.943587962963,1671.9435300925925,80,76.25,9.99,0,1,1,0,0
292400,2023,2023-11-21T18:00:00Z,3408,2014,7,3,24,12,0.5,242.9987847222222,250.02186342592591,80,73.41666666666667,9.99,0,1,1,0,1
292400,2024,2024-11-27T18:00:00Z,3780,2014,7,3,32,16,0.5,139.0280324074074,152.99697916666668,80,75,9.99,0,1,1,0,1
292400,2025,2025-09-29T17:00:00Z,4086,2014,7,3,42,21,0.5,80.98756944444445,94.81138888888889,80,76.14285714285714,9.99,0,1,1,0,1
303680,2023,2023-11-21T18:00:00Z,3373,2014,8,3,26,14,0.5384615384615384,6.986539351851852,6.986539351851852,70,47.5,4.79,40,1,1,0,0
303680,2024,2024-11-27T18:00:00Z,3745,2014,8,3,31,16,0.5161290322580645,15.985150462962963,26.03101851851852,70,47.8125,7.99,0,1,1,0,0
303680,2025,2025-09-29T17:00:00Z,4051,2014,8,3,35,18,0.5142857142857142,80.98752314814814,94.7761111111111,70,44.72222222222222,7.99,0,1,1,0,1
312520,2023,2023-11-21T18:00:00Z,2429,2017,3,1,45,22,0.4888888888888889,29.00611111111111,36.033043981481484,60,52.95454545454545,24.99,0,1,1,0,1
312520,2024,2024-11-27T18:00:00Z,2801,2017,3,1,65,32,0.49230769230769234,5.988819444444444,12.98912037037037,65,54.9375,24.99,0,1,1,0,1
312520,2025,2025-09-29T17:00:00Z,3107,2017,3,1,83,41,0.4939759036144578,6.988611111111111,20.988611111111112,65,55.4390243902439,24.99,0,1,1,0,1
314300,2023,2023-11-21T18:00:00Z,3277,2014,12,4,1,0,0.0,1054.75,,,,7.99,0,1,0,0,0
314300,2024,2024-11-27T18:00:00Z,3649,2014,12,4,1,0,0.0,1426.75,,,,7.99,0,1,0,0,0
314300,2025,2025-09-29T17:00:00Z,3955,2014,12,4,1,0,0.0,1732.7083333333333,,,,7.99,0,1,0,0,0
331200,2023,2023-11-21T18:00:00Z,3156,2015,4,2,25,13,0.52,92.01185185185186,92.01185185185186,50,42.30769230769231,3.24,35,1,1,0,1
331200,2024,2024-11-27T18:00:00Z,3528,2015,4,2,33,17,0.5151515151515151,139.02783564814814,153.02809027777778,50,42.94117647058823,4.99,0,1,1,0,1
331200,2025,2025-09-29T17:00:00Z,3834,2015,4,2,43,22,0.5116279069767442,80.9874074074074,94.83862268518519,70,44.81818181818182,4.99,0,1,1,0,1
360430,2023,2023-11-21T18:00:00Z,1281,2020,5,2,66,33,0.5,0.9860069444444445,14.98431712962963,67,63.96969696969697,29.99,0,1,1,0,1
360430,2024,2024-11-27T18:00:00Z,1653,2020,5,2,86,43,0.5,26.94767361111111,33.94576388888889,75,65.04651162790698,29.99,0,1,1,0,1
360430,2025,2025-09-29T17:00:00Z,1959,2020,5,2,104,52,0.5,20.988506944444445,34.986666666666665,80,67.0576923076923,29.99,0,1,1,0,1
363890,2023,2023-11-21T18:00:00Z,2951,2015,10,4,65,32,0.49230769230769234,10.028680555555555,17.028773148148147,90,80.625,79.99,0,1,1,0,1
363890,2024,2024-11-27T18:00:00Z,3323,2015,10,4,85,42,0.49411764705882355,18.028657407407408,25.030821759259258,90,81.78571428571429,79.99,0,1,1,0,1
363890,2025,2025-09-29T17:00:00Z,3629,2015,10,4,103,51,0.49514563106796117,22.98849537037037,28.989131944444445,93,82.50980392156863,79.99,0,1,1,0,1
371450,2023,2023-11-21T18:00:00Z,2965,2015,10,4,17,8,0.47058823529411764,684.9529629629629,698.9461111111111,75,53.625,0.99,0,1,1,0,0
371450,2024,2024-11-27T18:00:00Z,3337,2015,10,4,17,8,0.47058823529411764,1056.952962962963,1070.9461111111111,75,53.625,0.99,0,1,1,0,0
371450,2025,2025-09-29T17:00:00Z,3643,2015,10,4,17,8,0.47058823529411764,1362.9112962962963,1376.9044444444444,75,53.625,0.99,0,1,1,0,0
397310,2023,2023-11-21T18:00:00Z,2293,2017,8,3,67,34,0.5074626865671642,6.0287037037037035,20.02869212962963,90,82.67647058823529,17.99,0,1,1,0,1
397310,2024,2024-11-27T18:00:00Z,2665,2017,8,3,87,44,0.5057471264367817,31.03105324074074,45.03076388888889,95,84.56818181818181,17.99,0,1,1,0,1
397310,2025,2025-09-29T17:00:00Z,2971,2017,8,3,105,53,0.5047619047619047,22.988599537037036,36.98665509259259,95,85.49056603773585,17.99,0,1,1,0,1
418030,2023,2023-11-21T18:00:00Z,2583,2016,10,4,40,19,0.475,25.019189814814816,32.028321759259256,25,17.36842105263158,13.99,0,1,1,0,1
418030,2024,2024-11-27T18:00:00Z,2955,2016,10,4,62,30,0.4838709677419355,38.03082175925926,47.03078703703704,30,18.833333333333332,13.99,0,1,1,0,1
418030,2025,2025-09-29T17:00:00Z,3261,2016,10,4,84,41,0.4880952380952381,6.988587962962963,16.98929398148148,35,20.121951219512194,13.99,0,1,1,0,1
445220,2023,2023-11-21T18:00:00Z,1352,2020,3,1,24,12,0.5,5.989247685185185,12.987118055555555,50,42.083333333333336,24.99,0,1,1,0,1
445220,2024,2024-11-27T18:00:00Z,1724,2020,3,1,36,18,0.5,79.02738425925926,86.0293287037037,60,45.27777777777778,24.99,0,1,1,0,1
445220,2025,2025-09-29T17:00:00Z,2030,2020,3,1,46,23,0.5,38.98677083333333,45.98372685185185,60,46.30434782608695,24.99,0,1,1,0,1
449310,2023,2023-11-21T18:00:00Z,2755,2016,5,2,1,0,0.0,1054.75,,,,3.99,0,1,0,0,0
449310,2024,2024-11-27T18:00:00Z,3127,2016,5,2,2,0,0.0,183.05178240740742,,,,0.99,0,1,0,0,0
449310,2025,2025-09-29T17:00:00Z,3433,2016,5,2,2,0,0.0,489.01011574074073,,,,0.99,0,1,0,0,0
451950,2023,2023-11-21T18:00:00Z,2421,2017,4,2,6,3,0.5,131.02820601851852,144.98166666666665,90,75,19.99,0,1,1,0,0
451950,2024,2024-11-27T18:00:00Z,2793,2017,4,2,6,3,0.5,503.0282060185185,516.9816666666667,90,75,19.99,0,1,1,0,0
451950,2025,2025-09-29T17:00:00Z,3099,2017,4,2,6,3,0.5,808.9865393518519,822.94,90,75,19.99,0,1,1,0,0
528950,2023,2023-11-21T18:00:00Z,2531,2016,12,4,48,24,0.5,22.01076388888889,29.020138888888887,80,75.20833333333333,9.99,0,1,1,0,1
528950,2024,2024-11-27T18:00:00Z,2903,2016,12,4,70,35,0.5,23.028506944444445,37.028761574074075,85,75.8,9.99,0,1,1,0,1
528950,2025,2025-09-29T17:00:00Z,3209,2016,12,4,90,45,0.5,16.98928240740741,30.987037037037037,85,77.84444444444445,9.99,0,1,1,0,1
536220,2023,2023-11-21T18:00:00Z,2527,2016,12,4,30,15,0.5,18.028796296296296,32.02885416666667,80,64,14.99,0,1,1,0,1
536220,2024,2024-11-27T18:00:00Z,2899,2016,12,4,48,24,0.5,23.0284375,36.030902777777776,80,68.54166666666667,14.99,0,1,1,0,1
536220,2025,2025-09-29T17:00:00Z,3205,2016,12,4,65,33,0.5076923076923077,45.983645833333334,59.98429398148148,80,70.45454545454545,14.99,0,1,1,0,1
582660,2023,2023-11-21T18:00:00Z,2372,2017,5,2,51,24,0.47058823529411764,19.02810185185185,33.030648148148146,100,81.66666666666667,9.99,0,1,1,0,1
582660,2024,2024-11-27T18:00:00Z,2744,2017,5,2,65,31,0.47692307692307695,20.028715277777778,34.02869212962963,100,83.54838709677419,9.99,0,1,1,0,1
582660,2025,2025-09-29T17:00:00Z,3050,2017,5,2,75,35,0.4666666666666667,24.986261574074074,38.98685185185185,100,84.28571428571429,9.99,0,1,1,0,1
595140,2023,2023-11-21T18:00:00Z,2401,2017,4,2,19,9,0.47368421052631576,130.97443287037038,144.84546296296296,80,64.44444444444444,19.95,0,1,1,0,0
595140,2024,2024-11-27T18:00:00Z,2773,2017,4,2,29,14,0.4827586206896552,23.989432870370372,30.022800925925925,90,64.28571428571429,19.95,0,1,1,0,1
595140,2025,2025-09-29T17:00:00Z,3079,2017,4,2,37,18,0.4864864864864865,80.9812037037037,94.81037037037036,90,66.22222222222223,19.95,0,1,1,0,1
603210,2023,2023-11-21T18:00:00Z,1891,2018,9,3,1,0,0.0,1054.75,,,,1.99,0,1,0,0,0
603210,2024,2024-11-27T18:00:00Z,2263,2018,9,3,1,0,0.0,1426.75,,,,1.99,0,1,0,0,0
603210,2025,2025-09-29T17:00:00Z,2569,2018,9,3,1,0,0.0,1732.7083333333333,,,,1.99,0,1,0,0,0
646350,2023,2023-11-21T18:00:00Z,2112,2018,2,1,32,16,0.5,243.00686342592593,250.01162037037037,80,55.3125,34.99,0,1,1,0,0
646350,2024,2024-11-27T18:00:00Z,2484,2018,2,1,32,16,0.5,615.0068634259259,622.0116203703703,80,55.3125,34.99,0,1,1,0,0
646350,2025,2025-09-29T17:00:00Z,2790,2018,2,1,32,16,0.5,920.9651967592592,927.9699537037037,80,55.3125,34.99,0,1,1,0,0
666120,2023,2023-11-21T18:00:00Z,2327,2017,7,3,1,0,0.0,1054.75,,,,4.99,0,1,0,0,0
666120,2024,2024-11-27T18:00:00Z,2699,2017,7,3,1,0,0.0,1426.75,,,,4.99,0,1,0,0,0
666120,2025,2025-09-29T17:00:00Z,3005,2017,7,3,1,0,0.0,1732.7083333333333,,,,4.99,0,1,0,0,0
700600,2023,2023-11-21T18:00:00Z,966,2021,3,1,34,17,0.5,71.0220949074074,77.9496412037037,75,56.470588235294116,39.99,0,1,1,0,1
700600,2024,2024-11-27T18:00:00Z,1338,2021,3,1,44,22,0.5,76.0286111111111,83.03101851851852,95,61.36363636363637,39.99,0,1,1,0,1
700600,2025,2025-09-29T17:00:00Z,1644,2021,3,1,54,27,0.5,80.97650462962963,94.83180555555556,95,66.29629629629629,39.99,0,1,1,0,1
708430,2023,2023-11-21T18:00:00Z,2258,2017,9,3,67,33,0.4925373134328358,14.987118055555555,22.01670138888889,81,75.15151515151516,0.99,0,1,1,0,1
708430,2024,2024-11-27T18:00:00Z,2630,2017,9,3,91,45,0.4945054945054945,1.9859837962962963,8.986203703703703,81,68.71111111111111,0.99,0,1,1,0,1
708430,2025,2025-09-29T17:00:00Z,2936,2017,9,3,111,55,0.4954954954954955,6.988530092592592,13.988206018518518,81,65.49090909090908,0.99,0,1,1,0,1
745880,2023,2023-11-21T18:00:00Z,2195,2017,11,4,1,0,0.0,1054.75,,,,14.99,0,1,0,0,0
745880,2024,2024-11-27T18:00:00Z,2567,2017,11,4,1,0,0.0,1426.75,,,,14.99,0,1,0,0,0
745880,2025,2025-09-29T17:00:00Z,2873,2017,11,4,1,0,0.0,1732.7083333333333,,,,14.99,0,1,0,0,0
757320,2023,2023-11-21T18:00:00Z,1160,2020,9,3,56,28,0.5,50.03228009259259,57.03212962962963,80,58.607142857142854,14.99,0,1,1,0,1
757320,2024,2024-11-27T18:00:00Z,1532,2020,9,3,80,40,0.5,27.031122685185185,41.0309375,80,62.525,14.99,0,1,1,0,1
757320,2025,2025-09-29T17:00:00Z,1838,2020,9,3,100,50,0.5,25.988576388888887,39.98879629629629,80,65.22,14.99,0,1,1,0,1
791800,2023,2023-11-21T18:00:00Z,1922,2018,8,3,18,9,0.5,130.9636574074074,250.00869212962962,50,50,14.99,0,1,1,0,0
791800,2024,2024-11-27T18:00:00Z,2294,2018,8,3,24,12,0.5,139.01583333333335,153.0291087962963,50,50,14.99,0,1,1,0,1
791800,2025,2025-09-29T17:00:00Z,2600,2018,8,3,30,15,0.5,80.97612268518519,94.80349537037037,60,50.666666666666664,14.99,0,1,1,0,1
799600,2023,2023-11-21T18:00:00Z,393,2022,10,4,14,7,0.5,34.02763888888889,48.02759259259259,15,12.142857142857142,19.99,0,1,1,0,1
799600,2024,2024-11-27T18:00:00Z,765,2022,10,4,36,18,0.5,32.03079861111111,46.03081018518518,20,16.944444444444443,19.99,0,1,1,0,1
799600,2025,2025-09-29T17:00:00Z,1071,2022,10,4,52,26,0.5,2.989212962962963,16.98931712962963,30,19.423076923076923,19.99,0,1,1,0,1
806140,2023,2023-11-21T18:00:00Z,2090,2018,3,1,6,3,0.5,1008.9841666666666,1012.9586342592593,51,51,0.99,0,1,1,0,0
806140,2024,2024-11-27T18:00:00Z,2462,2018,3,1,6,3,0.5,1380.9841666666666,1384.9586342592593,51,51,0.99,0,1,1,0,0
806140,2025,2025-09-29T17:00:00Z,2768,2018,3,1,6,3,0.5,1686.9425,1690.9169675925925,51,51,0.99,0,1,1,0,0
809230,2023,2023-11-21T18:00:00Z,1470,2019,11,4,60,30,0.5,22.01653935185185,33.02790509259259,75,62.03333333333333,29.99,0,1,1,0,1
809230,2024,2024-11-27T18:00:00Z,1842,2019,11,4,80,40,0.5,23.0284375,34.02869212962963,80,66.025,29.99,0,1,1,0,1
809230,2025,2025-09-29T17:00:00Z,2148,2019,11,4,98,49,0.5,4.98900462962963,18.989340277777778,85,68.6938775510204,29.99,0,1,1,0,1
821720,2023,2023-11-21T18:00:00Z,2077,2018,3,1,56,28,0.5,99.03252314814814,105.99444444444444,80,76.07142857142857,1.99,0,1,1,0,0
821720,2024,2024-11-27T18:00:00Z,2449,2018,3,1,72,36,0.5,14.987013888888889,21.989189814814814,80,72.22222222222223,1.99,0,1,1,0,1
821720,2025,2025-09-29T17:00:00Z,2755,2018,3,1,92,46,0.5,13.987962962962962,20.98866898148148,80,67.91304347826087,1.99,0,1,1,0,1
826420,2023,2023-11-21T18:00:00Z,2055,2018,4,2,22,12,0.5454545454545454,130.96228009259258,144.94523148148147,70,57.5,9.99,0,1,1,0,1
826420,2024,2024-11-27T18:00:00Z,2427,2018,4,2,28,15,0.5357142857142857,139.01572916666666,153.0302199074074,70,56.666666666666664,9.99,0,1,1,0,1
826420,2025,2025-09-29T17:00:00Z,2733,2018,4,2,36,19,0.5277777777777778,80.9736574074074,88.8275,70,57.10526315789474,9.99,0,1,1,0,1
829590,2023,2023-11-21T18:00:00Z,936,2021,4,2,64,32,0.5,19.027962962962963,33.0327662037037,80,63.5625,19.99,0,1,1,0,1
829590,2024,2024-11-27T18:00:00Z,1308,2021,4,2,86,43,0.5,23.028506944444445,37.02841435185185,85,68.23255813953489,19.99,0,1,1,0,1
829590,2025,2025-09-29T17:00:00Z,1614,2021,4,2,102,51,0.5,15.989351851851852,29.989074074074075,90,71.45098039215686,19.99,0,1,1,0,1
887920,2023,2023-11-21T18:00:00Z,1959,2018,7,3,23,11,0.4782608695652174,130.95875,144.83609953703703,70,56.81818181818182,9.99,0,1,1,0,1
887920,2024,2024-11-27T18:00:00Z,2331,2018,7,3,29,14,0.4827586206896552,139.01621527777777,153.03008101851853,70,56.07142857142857,9.99,0,1,1,0,1
887920,2025,2025-09-29T17:00:00Z,2637,2018,7,3,37,18,0.4864864864864865,80.97121527777777,88.82577546296297,70,56.666666666666664,9.99,0,1,1,0,1
965590,2023,2023-11-21T18:00:00Z,1330,2020,3,1,15,7,0.4666666666666667,162.0222222222222,169.02366898148148,66,45.142857142857146,9.99,0,1,1,0,0
965590,2024,2024-11-27T18:00:00Z,1702,2020,3,1,31,15,0.4838709677419355,20.02872685185185,34.028634259259256,66,51.86666666666667,9.99,0,1,1,0,1
965590,2025,2025-09-29T17:00:00Z,2008,2020,3,1,49,24,0.4897959183673469,3.9868055555555557,17.988391203703703,70,53.666666666666664,9.99,0,1,1,0,1
966000,2023,2023-11-21T18:00:00Z,1754,2019,2,1,3,1,0.3333333333333333,1015.9851851851852,1022.9852893518519,40,40,1.99,0,1,1,0,0
966000,2024,2024-11-27T18:00:00Z,2126,2019,2,1,3,1,0.3333333333333333,1387.9851851851852,1394.9852893518519,40,40,1.99,0,1,1,0,0
966000,2025,2025-09-29T17:00:00Z,2432,2019,2,1,3,1,0.3333333333333333,1693.9435185185184,1700.9436226851851,40,40,1.99,0,1,1,0,0
1005530,2023,2023-11-21T18:00:00Z,1517,2019,9,3,1,0,0.0,1054.75,,,,24.99,0,1,0,0,0
1005530,2024,2024-11-27T18:00:00Z,1889,2019,9,3,1,0,0.0,1426.75,,,,24.99,0,1,0,0,0
1005530,2025,2025-09-29T17:00:00Z,2195,2019,9,3,1,0,0.0,1732.7083333333333,,,,24.99,0,1,0,0,0
1023370,2023,2023-11-21T18:00:00Z,1741,2019,2,1,1,0,0.0,1054.75,,,,0.99,0,1,0,0,0
1023370,2024,2024-11-27T18:00:00Z,2113,2019,2,1,1,0,0.0,1426.75,,,,0.99,0,1,0,0,0
1023370,2025,2025-09-29T17:00:00Z,2419,2019,2,1,1,0,0.0,1732.7083333333333,,,,0.99,0,1,0,0,0
1063730,2023,2023-11-21T18:00:00Z,784,2021,9,3,2,0,0.0,593.0276273148148,,,,0,0,1,0,0,0
1063730,2024,2024-11-27T18:00:00Z,1156,2021,9,3,3,0,0.0,43.5916087962963,,,,59.99,0,1,0,0,0
1063730,2025,2025-09-29T17:00:00Z,1462,2021,9,3,11,4,0.36363636363636365,80.96318287037037,94.91046296296297,40,32.5,59.99,0,1,1,0,0
1083210,2023,2023-11-21T18:00:00Z,1607,2019,6,2,57,29,0.5087719298245614,36.01965277777778,43.0237037037037,61,45.62068965517241,0.99,0,1,1,0,1
1083210,2024,2024-11-27T18:00:00Z,1979,2019,6,2,81,41,0.5061728395061729,6.98886574074074,20.9871875,61,45.46341463414634,0.99,0,1,1,0,1
1083210,2025,2025-09-29T17:00:00Z,2285,2019,6,2,101,51,0.504950495049505,27.980520833333333,34.985358796296296,61,46.549019607843135,0.99,0,1,1,0,1
1090250,2023,2023-11-21T18:00:00Z,1068,2020,12,4,32,16,0.5,130.94454861111112,144.93306712962962,40,28.8125,19.99,0,1,1,0,1
1090250,2024,2024-11-27T18:00:00Z,1440,2020,12,4,36,18,0.5,351.9692708333333,358.96480324074076,40,29.27777777777778,19.99,0,1,1,0,0
1090250,2025,2025-09-29T17:00:00Z,1746,2020,12,4,42,21,0.5,62.94769675925926,65.94755787037037,40,28.904761904761905,19.99,0,1,1,0,1
1097370,2023,2023-11-21T18:00:00Z,1218,2020,7,3,8,4,0.5,987.9850462962963,994.9852546296296,35,31.25,5.99,0,1,1,0,0
1097370,2024,2024-11-27T18:00:00Z,1590,2020,7,3,8,4,0.5,1359.9850462962963,1366.9852546296297,35,31.25,5.99,0,1,1,0,0
1097370,2025,2025-09-29T17:00:00Z,1896,2020,7,3,8,4,0.5,1665.9433796296296,1672.943587962963,35,31.25,5.99,0,1,1,0,0
1141280,2023,2023-11-21T18:00:00Z,1521,2019,9,3,1,0,0.0,1054.75,,,,2.99,0,1,0,0,0
1141280,2024,2024-11-27T18:00:00Z,1893,2019,9,3,1,0,0.0,1426.75,,,,2.99,0,1,0,0,0
1141280,2025,2025-09-29T17:00:00Z,2199,2019,9,3,1,0,0.0,1732.7083333333333,,,,2.99,0,1,0,0,0
1158850,2023,2023-11-21T18:00:00Z,848,2021,7,3,34,17,0.5,13.985405092592593,13.985405092592593,60,41.23529411764706,15.99,60,1,1,0,0
1158850,2024,2024-11-27T18:00:00Z,1220,2021,7,3,51,25,0.49019607843137253,5.98886574074074,19.989178240740742,60,47.24,39.99,0,1,1,0,1
1158850,2025,2025-09-29T17:00:00Z,1526,2021,7,3,68,34,0.5,5.986840277777778,5.986840277777778,60,50.61764705882353,15.99,60,1,1,0,0
1200900,2023,2023-11-21T18:00:00Z,994,2021,3,1,2,1,0.5,986.9852893518519,994.0366435185185,20,20,9.99,0,1,1,0,0
1200900,2024,2024-11-27T18:00:00Z,1366,2021,3,1,2,1,0.5,1358.9852893518519,1366.0366435185185,20,20,9.99,0,1,1,0,0
1200900,2025,2025-09-29T17:00:00Z,1672,2021,3,1,2,1,0.5,1664.9436226851851,1671.9949768518518,20,20,9.99,0,1,1,0,0
1239260,2023,2023-11-21T18:00:00Z,1362,2020,2,1,59,30,0.5084745762711864,20.02837962962963,34.03938657407407,90,67.9,0.99,0,1,1,0,1
1239260,2024,2024-11-27T18:00:00Z,1734,2020,2,1,82,42,0.5121951219512195,9.989155092592593,9.989155092592593,90,67.71428571428571,0.49,90,1,1,0,0
1239260,2025,2025-09-29T17:00:00Z,2040,2020,2,1,98,50,0.5102040816326531,8.98787037037037,8.98787037037037,90,71.28,0.49,90,1,1,0,0
1249680,2023,2023-11-21T18:00:00Z,753,2021,10,4,22,10,0.45454545454545453,130.93527777777777,144.92550925925926,75,53,9.99,0,1,1,0,1
1249680,2024,2024-11-27T18:00:00Z,1125,2021,10,4,34,16,0.47058823529411764,79.02733796296296,86.02934027777778,75,57.5,9.99,0,1,1,0,1
1249680,2025,2025-09-29T17:00:00Z,1431,2021,10,4,46,22,0.4782608695652174,41.98789351851852,48.98512731481482,75,59.54545454545455,9.99,0,1,1,0,1
1257270,2023,2023-11-21T18:00:00Z,1334,2020,3,1,62,31,0.5,22.009305555555557,36.030335648148146,90,50.54838709677419,4.99,0,1,1,0,1
1257270,2024,2024-11-27T18:00:00Z,1706,2020,3,1,85,43,0.5058823529411764,5.988796296296297,5.988796296296297,90,61,0.49,90,1,1,0,0
1257270,2025,2025-09-29T17:00:00Z,2012,2020,3,1,104,52,0.5,15.987094907407407,29.989050925925927,90,66.01923076923077,4.99,0,1,1,0,1
1271420,2023,2023-11-21T18:00:00Z,1313,2020,4,2,3,1,0.3333333333333333,952.0811342592592,1054.75,50,50,12.99,0,1,1,0,0
1271420,2024,2024-11-27T18:00:00Z,1685,2020,4,2,3,1,0.3333333333333333,1324.0811342592592,1426.75,50,50,12.99,0,1,1,0,0
1271420,2025,2025-09-29T17:00:00Z,1991,2020,4,2,3,1,0.3333333333333333,1630.0394675925927,1732.7083333333333,50,50,12.99,0,1,1,0,0
1338570,2023,2023-11-21T18:00:00Z,1208,2020,7,3,1,0,0.0,1054.75,,,,4.99,0,1,0,0,0
1338570,2024,2024-11-27T18:00:00Z,1580,2020,7,3,1,0,0.0,1426.75,,,,4.99,0,1,0,0,0
1338570,2025,2025-09-29T17:00:00Z,1886,2020,7,3,1,0,0.0,1732.7083333333333,,,,4.99,0,1,0,0,0
1373180,2023,2023-11-21T18:00:00Z,1147,2020,9,3,24,12,0.5,131.03766203703702,144.8413888888889,45,30.583333333333332,6.99,0,1,1,0,1
1373180,2024,2024-11-27T18:00:00Z,1519,2020,9,3,30,15,0.5,251.01519675925925,258.0197337962963,45,33.46666666666667,6.99,0,1,1,0,1
1373180,2025,2025-09-29T17:00:00Z,1825,2020,9,3,34,17,0.5,269.92740740740743,283.8056712962963,48,35,6.99,0,1,1,0,0
1413660,2023,2023-11-21T18:00:00Z,278,2023,2,1,16,8,0.5,19.022997685185185,26.037743055555556,50,31.25,19.99,0,1,1,0,1
1413660,2024,2024-11-27T18:00:00Z,650,2023,2,1,36,18,0.5,22.98704861111111,30.01902777777778,60,43.333333333333336,19.99,0,1,1,0,1
1413660,2025,2025-09-29T17:00:00Z,956,2023,2,1,56,28,0.5,1.9869791666666667,14.989085648148148,60,49.285714285714285,19.99,0,1,1,0,1
1418360,2023,2023-11-21T18:00:00Z,385,2022,11,4,19,9,0.47368421052631576,21.97310185185185,29.011574074074073,35,29.22222222222222,19.99,0,1,1,0,1
1418360,2024,2024-11-27T18:00:00Z,757,2022,11,4,43,21,0.4883720930232558,13.98693287037037,20.987175925925925,40,33.38095238095238,19.99,0,1,1,0,1
1418360,2025,2025-09-29T17:00:00Z,1063,2022,11,4,63,31,0.49206349206349204,6.984953703703703,13.983935185185185,50,37.61290322580645,19.99,0,1,1,0,1
1465260,2023,2023-11-21T18:00:00Z,1087,2020,11,4,57,28,0.49122807017543857,64.03247685185185,70.88188657407407,90,76.07142857142857,11.99,0,1,1,0,1
1465260,2024,2024-11-27T18:00:00Z,1459,2020,11,4,80,38,0.475,16.197743055555556,45.03078703703704,95,80.13157894736842,19.99,0,1,1,0,0
1465260,2025,2025-09-29T17:00:00Z,1765,2020,11,4,95,45,0.47368421052631576,13.070543981481482,36.98659722222222,95,82.28888888888889,24.99,0,1,1,0,1
1532510,2023,2023-11-21T18:00:00Z,1008,2021,2,1,5,2,0.4,130.92020833333333,144.9136574074074,80,80,4.99,0,1,1,0,1
1532510,2024,2024-11-27T18:00:00Z,1380,2021,2,1,13,6,0.46153846153846156,138.99811342592594,153.00988425925925,80,73.33333333333333,4.99,0,1,1,0,1
1532510,2025,2025-09-29T17:00:00Z,1686,2021,2,1,21,10,0.47619047619047616,80.95851851851852,94.79621527777778,80,68,4.99,0,1,1,0,1
1544810,2023,2023-11-21T18:00:00Z,981,2021,3,1,2,1,0.5,979.9658912037037,979.9658912037037,40,40,2.99,40,1,1,0,0
1544810,2024,2024-11-27T18:00:00Z,1353,2021,3,1,2,1,0.5,1351.9658912037037,1351.9658912037037,40,40,2.99,40,1,1,0,0
1544810,2025,2025-09-29T17:00:00Z,1659,2021,3,1,2,1,0.5,1657.924224537037,1657.924224537037,40,40,2.99,40,1,1,0,0
1560770,2023,2023-11-21T18:00:00Z,887,2021,6,2,28,14,0.5,57.01972222222222,64.00407407407407,37,33.07142857142857,1.99,0,1,1,0,1
1560770,2024,2024-11-27T18:00:00Z,1259,2021,6,2,50,25,0.5,1.9847106481481482,6.320601851851852,40,33.04,1.99,0,1,1,0,1
1560770,2025,2025-09-29T17:00:00Z,1565,2021,6,2,66,33,0.5,20.982789351851853,27.984189814814815,60,37.303030303030305,1.99,0,1,1,0,1
1575230,2023,2023-11-21T18:00:00Z,967,2021,3,1,4,2,0.5,96.15395833333334,110.15402777777778,51,33,0.99,0,1,1,0,0
1575230,2024,2024-11-27T18:00:00Z,1339,2021,3,1,9,4,0.4444444444444444,172.03105324074073,186.02907407407406,72,40.5,1.99,0,1,1,0,0
1575230,2025,2025-09-29T17:00:00Z,1645,2021,3,1,9,4,0.4444444444444444,477.98938657407405,491.98740740740743,72,40.5,1.99,0,1,1,0,0
1588760,2023,2023-11-21T18:00:00Z,918,2021,5,2,53,26,0.49056603773584906,0.9889814814814815,10.99275462962963,70,47.42307692307692,8.99,0,1,1,0,1
1588760,2024,2024-11-27T18:00:00Z,1290,2021,5,2,75,37,0.49333333333333335,3.989351851851852,17.987395833333334,70,47.45945945945946,8.99,0,1,1,0,1
1588760,2025,2025-09-29T17:00:00Z,1596,2021,5,2,96,47,0.4895833333333333,17.070740740740742,31.072731481481483,71,44.319148936170215,12.99,0,1,1,0,0
1655440,2023,2023-11-21T18:00:00Z,797,2021,9,3,18,9,0.5,130.9142824074074,144.90836805555554,40,30,6.99,0,1,1,0,1
1655440,2024,2024-11-27T18:00:00Z,1169,2021,9,3,26,13,0.5,138.99372685185185,153.01703703703703,50,33.07692307692308,6.99,0,1,1,0,0
1655440,2025,2025-09-29T17:00:00Z,1475,2021,9,3,30,15,0.5,192.96266203703703,199.94832175925927,50,35.333333333333336,6.99,0,1,1,0,1
1708340,2023,2023-11-21T18:00:00Z,124,2023,7,3,1,0,0.0,123.61241898148148,,,,15.99,0,1,0,0,0
1708340,2024,2024-11-27T18:00:00Z,496,2023,7,3,1,0,0.0,495.6124189814815,,,,15.99,0,1,0,0,0
1708340,2025,2025-09-29T17:00:00Z,802,2023,7,3,7,3,0.42857142857142855,80.95649305555555,94.84103009259259,30,30,15.99,0,1,1,0,1
1740720,2023,2023-11-21T18:00:00Z,244,2023,3,1,18,8,0.4444444444444444,19.022002314814817,26.02460648148148,30,21.875,24.99,0,1,1,0,0
1740720,2024,2024-11-27T18:00:00Z,616,2023,3,1,34,16,0.47058823529411764,22.98349537037037,30.015613425925928,40,29.625,24.99,0,1,1,0,1
1740720,2025,2025-09-29T17:00:00Z,922,2023,3,1,48,23,0.4791666666666667,27.983738425925925,34.98628472222222,60,36.26086956521739,24.99,0,1,1,0,1
1785150,2023,2023-11-21T18:00:00Z,175,2023,5,2,11,5,0.45454545454545453,14.206030092592593,28.195717592592594,50,41.2,9.99,0,1,1,0,1
1785150,2024,2024-11-27T18:00:00Z,547,2023,5,2,33,16,0.48484848484848486,15.985,22.983564814814816,75,53.1875,9.99,0,1,1,0,1
1785150,2025,2025-09-29T17:00:00Z,853,2023,5,2,55,27,0.4909090909090909,13.98375,27.983969907407406,75,60.592592592592595,9.99,0,1,1,0,1
1836120,2023,2023-11-21T18:00:00Z,678,2022,1,1,24,14,0.5833333333333334,12.997060185185186,12.997060185185186,90,56.214285714285715,0.49,51,1,1,0,0
1836120,2024,2024-11-27T18:00:00Z,1050,2022,1,1,43,23,0.5348837209302325,22.028680555555557,36.02886574074074,90,54.17391304347826,0.99,0,1,1,0,1
1836120,2025,2025-09-29T17:00:00Z,1356,2022,1,1,59,31,0.5254237288135594,8.008136574074074,20.010046296296295,90,53.354838709677416,0.99,0,1,1,0,0
1882420,2023,2023-11-21T18:00:00Z,638,2022,2,1,11,6,0.5454545454545454,144.89667824074073,144.89667824074073,40,40,1.79,40,1,1,0,0
1882420,2024,2024-11-27T18:00:00Z,1010,2022,2,1,20,10,0.5,138.98928240740742,153.01275462962963,40,40,2.99,0,1,1,0,1
1882420,2025,2025-09-29T17:00:00Z,1316,2022,2,1,28,14,0.5,80.95443287037037,94.83300925925926,40,40,2.99,0,1,1,0,1
1894600,2023,2023-11-21T18:00:00Z,445,2022,9,3,0,0,,,,,,,,0,0,0,0
1894600,2024,2024-11-27T18:00:00Z,817,2022,9,3,0,0,,,,,,,,0,0,0,0
1894600,2025,2025-09-29T17:00:00Z,1123,2022,9,3,0,0,,,,,,,,0,0,0,0
2009420,2023,2023-11-21T18:00:00Z,438,2022,9,3,26,10,0.38461538461538464,7.979224537037037,14.980416666666667,70,30,9.99,0,1,1,0,1
2009420,2024,2024-11-27T18:00:00Z,810,2022,9,3,46,20,0.43478260869565216,16.028854166666665,30.018449074074073,70,36.25,9.99,0,1,1,0,1
2009420,2025,2025-09-29T17:00:00Z,1116,2022,9,3,64,28,0.4375,53.289398148148145,94.79214120370371,70,39.642857142857146,7.99,0,1,1,0,0
2062610,2023,2023-11-21T18:00:00Z,498,2022,7,3,0,0,,,,,,,,0,0,0,0
2062610,2024,2024-11-27T18:00:00Z,870,2022,7,3,0,0,,,,,,,,0,0,0,0
2062610,2025,2025-09-29T17:00:00Z,1176,2022,7,3,0,0,,,,,,,,0,0,0,0
2123430,2023,2023-11-21T18:00:00Z,48,2023,10,4,1,0,0.0,47.49460648148148,,,,5.99,0,1,0,0,0
2123430,2024,2024-11-27T18:00:00Z,420,2023,10,4,9,4,0.4444444444444444,72.73741898148148,76.73732638888889,50,37.5,5.99,0,1,1,0,1
2123430,2025,2025-09-29T17:00:00Z,726,2023,10,4,15,7,0.4666666666666667,192.9472800925926,199.7166435185185,50,41.42857142857143,5.99,0,1,1,0,0
2164880,2023,2023-11-21T18:00:00Z,390,2022,10,4,4,2,0.5,319.89540509259257,333.84091435185184,50,45,4.99,0,1,1,0,0
2164880,2024,2024-11-27T18:00:00Z,762,2022,10,4,4,2,0.5,691.8954050925926,705.8409143518519,50,45,4.99,0,1,1,0,0
2164880,2025,2025-09-29T17:00:00Z,1068,2022,10,4,5,2,0.4,201.72883101851852,1011.7992476851852,50,45,0.99,0,1,1,0,0
2205710,2023,2023-11-21T18:00:00Z,364,2022,11,4,16,8,0.5,27.02642361111111,41.03925925925926,70,57,0.99,0,1,1,0,1
2205710,2024,2024-11-27T18:00:00Z,736,2022,11,4,36,18,0.5,14.030891203703703,28.030763888888888,70,53.666666666666664,0.99,0,1,1,0,1
2205710,2025,2025-09-29T17:00:00Z,1042,2022,11,4,53,27,0.5094339622641509,12.988738425925925,12.988738425925925,70,52.77777777777778,0.49,51,1,1,0,0
2265760,2023,2023-11-21T18:00:00Z,285,2023,2,1,3,1,0.3333333333333333,242.86238425925927,249.93177083333333,30,30,18.99,0,1,1,0,0
2265760,2024,2024-11-27T18:00:00Z,657,2023,2,1,3,1,0.3333333333333333,614.8623842592592,621.9317708333333,30,30,18.99,0,1,1,0,1
2265760,2025,2025-09-29T17:00:00Z,963,2023,2,1,13,6,0.46153846153846156,80.95050925925926,94.77577546296297,30,30,18.99,0,1,1,0,1
2268470,2023,2023-11-21T18:00:00Z,256,2023,3,1,4,2,0.5,2.9974189814814816,2.9974189814814816,20,20,1.59,20,1,1,0,0
2268470,2024,2024-11-27T18:00:00Z,628,2023,3,1,5,2,0.4,367.98310185185187,374.9974189814815,20,20,1.99,0,1,1,0,0
2268470,2025,2025-09-29T17:00:00Z,934,2023,3,1,5,2,0.4,673.9414351851852,680.9557523148148,20,20,1.99,0,1,1,0,0
2270520,2023,2023-11-21T18:00:00Z,263,2023,3,1,11,5,0.45454545454545453,43.0287962962963,50.030590277777776,45,31,4.99,0,1,1,0,1
2270520,2024,2024-11-27T18:00:00Z,635,2023,3,1,33,16,0.48484848484848486,8.983854166666667,15.98525462962963,60,47.1875,4.99,0,1,1,0,1
2270520,2025,2025-09-29T17:00:00Z,941,2023,3,1,43,21,0.4883720930232558,20.9828125,27.768391203703704,60,49.76190476190476,4.99,0,1,1,0,1
2312170,2023,2023-11-21T18:00:00Z,245,2023,3,1,3,1,0.3333333333333333,130.8815162037037,144.83424768518518,50,50,2.99,0,1,1,0,1
2312170,2024,2024-11-27T18:00:00Z,617,2023,3,1,13,6,0.46153846153846156,58.07049768518519,62.08099537037037,80,56.5,2.99,0,1,1,0,1
2312170,2025,2025-09-29T17:00:00Z,923,2023,3,1,21,10,0.47619047619047616,80.95041666666667,94.79144675925926,80,62.9,2.99,0,1,1,0,1
2314050,2023,2023-11-21T18:00:00Z,180,2023,5,2,4,2,0.5,130.88145833333334,144.81540509259258,33,26.5,4.99,0,1,1,0,1
2314050,2024,2024-11-27T18:00:00Z,552,2023,5,2,18,9,0.5,30.00099537037037,37.026296296296294,50,44.77777777777778,4.99,0,1,1,0,1
2314050,2025,2025-09-29T17:00:00Z,858,2023,5,2,34,17,0.5,13.980844907407407,20.984016203703703,50,47.23529411764706,4.99,0,1,1,0,1
2383710,2023,2023-11-21T18:00:00Z,183,2023,5,2,9,5,0.5555555555555556,21.994953703703704,21.994953703703704,55,35,2.24,55,1,1,0,0
2383710,2024,2024-11-27T18:00:00Z,555,2023,5,2,32,16,0.5,22.983310185185186,30.006099537037038,70,51.5625,4.99,0,1,1,0,1
2383710,2025,2025-09-29T17:00:00Z,861,2023,5,2,54,27,0.5,20.98412037037037,27.98402777777778,86,64.25925925925925,4.99,0,1,1,0,1
2387820,2023,2023-11-21T18:00:00Z,202,2023,5,2,11,4,0.36363636363636365,7.98443287037037,21.97630787037037,90,77.5,99.99,0,1,1,0,1
2387820,2024,2024-11-27T18:00:00Z,574,2023,5,2,31,14,0.45161290322580644,38.02902777777778,52.02866898148148,95,88.21428571428571,99.99,0,1,1,0,1
2387820,2025,2025-09-29T17:00:00Z,880,2023,5,2,51,24,0.47058823529411764,21.986851851851853,35.98638888888889,95,90.91666666666667,99.99,0,1,1,0,1
2490910,2023,2023-11-21T18:00:00Z,103,2023,8,3,3,1,0.3333333333333333,50.026354166666664,57.001296296296296,25,25,7.99,0,1,1,0,1
2490910,2024,2024-11-27T18:00:00Z,475,2023,8,3,23,11,0.4782608695652174,8.983842592592593,15.985243055555555,31,29.272727272727273,7.99,0,1,1,0,1
2490910,2025,2025-09-29T17:00:00Z,781,2023,8,3,37,18,0.4864864864864865,48.984409722222225,55.98394675925926,34,30.333333333333332,7.99,0,1,1,0,1
2504210,2023,2023-11-21T18:00:00Z,87,2023,8,3,0,0,,,,,,,,0,0,0,0
2504210,2024,2024-11-27T18:00:00Z,459,2023,8,3,0,0,,,,,,,,0,0,0,0
2504210,2025,2025-09-29T17:00:00Z,765,2023,8,3,0,0,,,,,,,,0,0,0,0
2544720,2023,2023-11-21T18:00:00Z,6,2023,11,4,4,2,0.5,0.09128472222222223,5.1019097222222225,20,17.5,14.99,0,1,1,0,1
2544720,2024,2024-11-27T18:00:00Z,378,2023,11,4,27,13,0.48148148148148145,19.6540625,36.028900462962966,35,27.692307692307693,13.99,0,1,1,0,1
2544720,2025,2025-09-29T17:00:00Z,684,2023,11,4,48,23,0.4791666666666667,23.98704861111111,37.98701388888889,50,34.52173913043478,9.99,0,1,1,0,1
2621900,2023,2023-11-21T18:00:00Z,1,2023,11,4,1,1,1.0,1.2060300925925926,1.2060300925925926,25,25,2.99,25,1,1,0,0
2621900,2024,2024-11-27T18:00:00Z,373,2023,11,4,23,11,0.4782608695652174,22.983252314814816,30.00636574074074,86,51,4.99,0,1,1,0,1
2621900,2025,2025-09-29T17:00:00Z,679,2023,11,4,42,21,0.5,6.985393518518518,6.985393518518518,86,60.04761904761905,2.24,55,1,1,0,1
2650840,2023,2023-11-21T18:00:00Z,0,2023,11,4,0,0,,,,,,,,0,0,1,0
2650840,2024,2024-11-27T18:00:00Z,372,2023,11,4,19,9,0.47368421052631576,6.988877314814815,6.988877314814815,33,28.77777777777778,1.33,33,1,1,0,0
2650840,2025,2025-09-29T17:00:00Z,678,2023,11,4,37,18,0.4864864864864865,8.986574074074074,8.986574074074074,50,37.5,0.99,50,1,1,0,0
