AppID,Name,sale_year,source_record_index,timestamp_raw,timestamp_utc,shop_id,shop_name,deal_status,price,price_amountInt,price_currency,regular_price,regular_amountInt,regular_currency,cut,observation_kind,information_issue,raw_record_json
7830,Men of War™,2025,13,2025-09-29T19:36:25+02:00,2025-09-29T17:36:25Z,61,Steam,object,0.74,74,USD,4.99,499,USD,85,discount,,"{""timestamp"":""2025-09-29T19:36:25+02:00"",""shop"":{""id"":61,""name"":""Steam""},""deal"":{""price"":{""amount"":0.74,""amountInt"":74,""currency"":""USD""},""regular"":{""amount"":4.99,""amountInt"":499,""currency"":""USD""},""cut"":85}}"
9730,Tycoon City: New York,2023,54,2023-11-21T19:30:17+01:00,2023-11-21T18:30:17Z,61,Steam,object,4.99,499,USD,9.99,999,USD,50,discount,,"{""timestamp"":""2023-11-21T19:30:17+01:00"",""shop"":{""id"":61,""name"":""Steam""},""deal"":{""price"":{""amount"":4.99,""amountInt"":499,""currency"":""USD""},""regular"":{""amount"":9.99,""amountInt"":999,""currency"":""USD""},""cut"":50}}"
9730,Tycoon City: New York,2024,38,2024-11-27T21:32:18+01:00,2024-11-27T20:32:18Z,61,Steam,object,1.99,199,USD,9.99,999,USD,80,discount,,"{""timestamp"":""2024-11-27T21:32:18+01:00"",""shop"":{""id"":61,""name"":""Steam""},""deal"":{""price"":{""amount"":1.99,""amountInt"":199,""currency"":""USD""},""regular"":{""amount"":9.99,""amountInt"":999,""currency"":""USD""},""cut"":80}}"
9730,Tycoon City: New York,2025,20,2025-09-29T23:07:53+02:00,2025-09-29T21:07:53Z,61,Steam,object,1.99,199,USD,9.99,999,USD,80,discount,,"{""timestamp"":""2025-09-29T23:07:53+02:00"",""shop"":{""id"":61,""name"":""Steam""},""deal"":{""price"":{""amount"":1.99,""amountInt"":199,""currency"":""USD""},""regular"":{""amount"":9.99,""amountInt"":999,""currency"":""USD""},""cut"":80}}"
15170,Heroes of Might & Magic V,2023,50,2023-11-21T19:15:26+01:00,2023-11-21T18:15:26Z,61,Steam,object,2.49,249,USD,9.99,999,USD,75,discount,,"{""timestamp"":""2023-11-21T19:15:26+01:00"",""shop"":{""id"":61,""name"":""Steam""},""deal"":{""price"":{""amount"":2.49,""amountInt"":249,""currency"":""USD""},""regular"":{""amount"":9.99,""amountInt"":999,""currency"":""USD""},""cut"":75}}"
15170,Heroes of Might & Magic V,2024,32,2024-11-27T21:11:08+01:00,2024-11-27T20:11:08Z,61,Steam,object,2.49,249,USD,9.99,999,USD,75,discount,,"{""timestamp"":""2024-11-27T21:11:08+01:00"",""shop"":{""id"":61,""name"":""Steam""},""deal"":{""price"":{""amount"":2.49,""amountInt"":249,""currency"":""USD""},""regular"":{""amount"":9.99,""amountInt"":999,""currency"":""USD""},""cut"":75}}"
15170,Heroes of Might & Magic V,2025,16,2025-09-29T19:35:07+02:00,2025-09-29T17:35:07Z,61,Steam,object,2.49,249,USD,9.99,999,USD,75,discount,,"{""timestamp"":""2025-09-29T19:35:07+02:00"",""shop"":{""id"":61,""name"":""Steam""},""deal"":{""price"":{""amount"":2.49,""amountInt"":249,""currency"":""USD""},""regular"":{""amount"":9.99,""amountInt"":999,""currency"":""USD""},""cut"":75}}"
20710,Mr. Robot,2023,19,2023-11-27T19:35:07+01:00,2023-11-27T18:35:07Z,61,Steam,object,1.99,199,USD,7.99,799,USD,75,discount,,"{""timestamp"":""2023-11-27T19:35:07+01:00"",""shop"":{""id"":61,""name"":""Steam""},""deal"":{""price"":{""amount"":1.99,""amountInt"":199,""currency"":""USD""},""regular"":{""amount"":7.99,""amountInt"":799,""currency"":""USD""},""cut"":75}}"
20710,Mr. Robot,2025,7,2025-09-29T19:30:26+02:00,2025-09-29T17:30:26Z,61,Steam,object,1.99,199,USD,7.99,799,USD,75,discount,,"{""timestamp"":""2025-09-29T19:30:26+02:00"",""shop"":{""id"":61,""name"":""Steam""},""deal"":{""price"":{""amount"":1.99,""amountInt"":199,""currency"":""USD""},""regular"":{""amount"":7.99,""amountInt"":799,""currency"":""USD""},""cut"":75}}"
38210,Roogoo,2023,44,2023-11-21T19:15:41+01:00,2023-11-21T18:15:41Z,61,Steam,object,0.99,99,USD,3.99,399,USD,75,discount,,"{""timestamp"":""2023-11-21T19:15:41+01:00"",""shop"":{""id"":61,""name"":""Steam""},""deal"":{""price"":{""amount"":0.99,""amountInt"":99,""currency"":""USD""},""regular"":{""amount"":3.99,""amountInt"":399,""currency"":""USD""},""cut"":75}}"
38210,Roogoo,2024,30,2024-11-27T19:04:04+01:00,2024-11-27T18:04:04Z,61,Steam,object,0.67,67,USD,3.99,399,USD,83,discount,,"{""timestamp"":""2024-11-27T19:04:04+01:00"",""shop"":{""id"":61,""name"":""Steam""},""deal"":{""price"":{""amount"":0.67,""amountInt"":67,""currency"":""USD""},""regular"":{""amount"":3.99,""amountInt"":399,""currency"":""USD""},""cut"":83}}"
38210,Roogoo,2025,14,2025-09-29T22:35:35+02:00,2025-09-29T20:35:35Z,61,Steam,object,0.67,67,USD,3.99,399,USD,83,discount,,"{""timestamp"":""2025-09-29T22:35:35+02:00"",""shop"":{""id"":61,""name"":""Steam""},""deal"":{""price"":{""amount"":0.67,""amountInt"":67,""currency"":""USD""},""regular"":{""amount"":3.99,""amountInt"":399,""currency"":""USD""},""cut"":83}}"
61600,Zen Bound 2,2023,22,2023-11-21T19:48:47+01:00,2023-11-21T18:48:47Z,61,Steam,object,0.74,74,USD,4.99,499,USD,85,discount,,"{""timestamp"":""2023-11-21T19:48:47+01:00"",""shop"":{""id"":61,""name"":""Steam""},""deal"":{""price"":{""amount"":0.74,""amountInt"":74,""currency"":""USD""},""regular"":{""amount"":4.99,""amountInt"":499,""currency"":""USD""},""cut"":85}}"
61600,Zen Bound 2,2024,14,2024-11-27T19:47:49+01:00,2024-11-27T18:47:49Z,61,Steam,object,0.99,99,USD,4.99,499,USD,80,discount,,"{""timestamp"":""2024-11-27T19:47:49+01:00"",""shop"":{""id"":61,""name"":""Steam""},""deal"":{""price"":{""amount"":0.99,""amountInt"":99,""currency"":""USD""},""regular"":{""amount"":4.99,""amountInt"":499,""currency"":""USD""},""cut"":80}}"
61600,Zen Bound 2,2025,8,2025-09-29T19:30:41+02:00,2025-09-29T17:30:41Z,61,Steam,object,0.74,74,USD,4.99,499,USD,85,discount,,"{""timestamp"":""2025-09-29T19:30:41+02:00"",""shop"":{""id"":61,""name"":""Steam""},""deal"":{""price"":{""amount"":0.74,""amountInt"":74,""currency"":""USD""},""regular"":{""amount"":4.99,""amountInt"":499,""currency"":""USD""},""cut"":85}}"
115320,Prototype 2,2023,50,2023-11-21T19:48:56+01:00,2023-11-21T18:48:56Z,61,Steam,object,9.99,999,USD,39.99,3999,USD,75,discount,,"{""timestamp"":""2023-11-21T19:48:56+01:00"",""shop"":{""id"":61,""name"":""Steam""},""deal"":{""price"":{""amount"":9.99,""amountInt"":999,""currency"":""USD""},""regular"":{""amount"":39.99,""amountInt"":3999,""currency"":""USD""},""cut"":75}}"
115320,Prototype 2,2024,32,2024-11-27T22:40:23+01:00,2024-11-27T21:40:23Z,61,Steam,object,9.99,999,USD,39.99,3999,USD,75,discount,,"{""timestamp"":""2024-11-27T22:40:23+01:00"",""shop"":{""id"":61,""name"":""Steam""},""deal"":{""price"":{""amount"":9.99,""amountInt"":999,""currency"":""USD""},""regular"":{""amount"":39.99,""amountInt"":3999,""currency"":""USD""},""cut"":75}}"
115320,Prototype 2,2025,16,2025-09-29T19:35:43+02:00,2025-09-29T17:35:43Z,61,Steam,object,7.99,799,USD,39.99,3999,USD,80,discount,,"{""timestamp"":""2025-09-29T19:35:43+02:00"",""shop"":{""id"":61,""name"":""Steam""},""deal"":{""price"":{""amount"":7.99,""amountInt"":799,""currency"":""USD""},""regular"":{""amount"":39.99,""amountInt"":3999,""currency"":""USD""},""cut"":80}}"
213670,South Park™: The Stick of Truth™,2023,58,2023-11-21T19:22:12+01:00,2023-11-21T18:22:12Z,61,Steam,object,7.49,749,USD,29.99,2999,USD,75,discount,,"{""timestamp"":""2023-11-21T19:22:12+01:00"",""shop"":{""id"":61,""name"":""Steam""},""deal"":{""price"":{""amount"":7.49,""amountInt"":749,""currency"":""USD""},""regular"":{""amount"":29.99,""amountInt"":2999,""currency"":""USD""},""cut"":75}}"
213670,South Park™: The Stick of Truth™,2024,40,2024-11-27T21:10:12+01:00,2024-11-27T20:10:12Z,61,Steam,object,7.49,749,USD,29.99,2999,USD,75,discount,,"{""timestamp"":""2024-11-27T21:10:12+01:00"",""shop"":{""id"":61,""name"":""Steam""},""deal"":{""price"":{""amount"":7.49,""amountInt"":749,""currency"":""USD""},""regular"":{""amount"":29.99,""amountInt"":2999,""currency"":""USD""},""cut"":75}}"
213670,South Park™: The Stick of Truth™,2025,20,2025-09-29T22:57:00+02:00,2025-09-29T20:57:00Z,61,Steam,object,5.99,599,USD,29.99,2999,USD,80,discount,,"{""timestamp"":""2025-09-29T22:57:00+02:00"",""shop"":{""id"":61,""name"":""Steam""},""deal"":{""price"":{""amount"":5.99,""amountInt"":599,""currency"":""USD""},""regular"":{""amount"":29.99,""amountInt"":2999,""currency"":""USD""},""cut"":80}}"
218740,Pid,2023,30,2023-11-21T19:31:06+01:00,2023-11-21T18:31:06Z,61,Steam,object,4.99,499,USD,19.99,1999,USD,75,discount,,"{""timestamp"":""2023-11-21T19:31:06+01:00"",""shop"":{""id"":61,""name"":""Steam""},""deal"":{""price"":{""amount"":4.99,""amountInt"":499,""currency"":""USD""},""regular"":{""amount"":19.99,""amountInt"":1999,""currency"":""USD""},""cut"":75}}"
218740,Pid,2024,22,2024-11-27T19:53:43+01:00,2024-11-27T18:53:43Z,61,Steam,object,5.99,599,USD,19.99,1999,USD,70,discount,,"{""timestamp"":""2024-11-27T19:53:43+01:00"",""shop"":{""id"":61,""name"":""Steam""},""deal"":{""price"":{""amount"":5.99,""amountInt"":599,""currency"":""USD""},""regular"":{""amount"":19.99,""amountInt"":1999,""currency"":""USD""},""cut"":70}}"
218740,Pid,2025,12,2025-09-29T19:30:57+02:00,2025-09-29T17:30:57Z,61,Steam,object,3.99,399,USD,19.99,1999,USD,80,discount,,"{""timestamp"":""2025-09-29T19:30:57+02:00"",""shop"":{""id"":61,""name"":""Steam""},""deal"":{""price"":{""amount"":3.99,""amountInt"":399,""currency"":""USD""},""regular"":{""amount"":19.99,""amountInt"":1999,""currency"":""USD""},""cut"":80}}"
219200,Droid Assault,2023,38,2023-11-21T19:40:19+01:00,2023-11-21T18:40:19Z,61,Steam,object,4.41,441,USD,12.99,1299,USD,66,discount,,"{""timestamp"":""2023-11-21T19:40:19+01:00"",""shop"":{""id"":61,""name"":""Steam""},""deal"":{""price"":{""amount"":4.41,""amountInt"":441,""currency"":""USD""},""regular"":{""amount"":12.99,""amountInt"":1299,""currency"":""USD""},""cut"":66}}"
219200,Droid Assault,2024,25,2024-11-27T20:13:36+01:00,2024-11-27T19:13:36Z,61,Steam,object,6.49,649,USD,12.99,1299,USD,50,discount,,"{""timestamp"":""2024-11-27T20:13:36+01:00"",""shop"":{""id"":61,""name"":""Steam""},""deal"":{""price"":{""amount"":6.49,""amountInt"":649,""currency"":""USD""},""regular"":{""amount"":12.99,""amountInt"":1299,""currency"":""USD""},""cut"":50}}"
234490,Rush Bros.,2023,26,2023-11-21T19:55:15+01:00,2023-11-21T18:55:15Z,61,Steam,object,3.49,349,USD,9.99,999,USD,65,discount,,"{""timestamp"":""2023-11-21T19:55:15+01:00"",""shop"":{""id"":61,""name"":""Steam""},""deal"":{""price"":{""amount"":3.49,""amountInt"":349,""currency"":""USD""},""regular"":{""amount"":9.99,""amountInt"":999,""currency"":""USD""},""cut"":65}}"
234490,Rush Bros.,2024,18,2024-11-27T22:35:14+01:00,2024-11-27T21:35:14Z,61,Steam,object,0.99,99,USD,9.99,999,USD,90,discount,,"{""timestamp"":""2024-11-27T22:35:14+01:00"",""shop"":{""id"":61,""name"":""Steam""},""deal"":{""price"":{""amount"":0.99,""amountInt"":99,""currency"":""USD""},""regular"":{""amount"":9.99,""amountInt"":999,""currency"":""USD""},""cut"":90}}"
234490,Rush Bros.,2025,8,2025-09-29T19:34:35+02:00,2025-09-29T17:34:35Z,61,Steam,object,0.99,99,USD,9.99,999,USD,90,discount,,"{""timestamp"":""2025-09-29T19:34:35+02:00"",""shop"":{""id"":61,""name"":""Steam""},""deal"":{""price"":{""amount"":0.99,""amountInt"":99,""currency"":""USD""},""regular"":{""amount"":9.99,""amountInt"":999,""currency"":""USD""},""cut"":90}}"
242960,Blood Omen 2: Legacy of Kain,2023,40,2023-11-22T00:09:32+01:00,2023-11-21T23:09:32Z,61,Steam,object,0.97,97,USD,6.99,699,USD,86,discount,,"{""timestamp"":""2023-11-22T00:09:32+01:00"",""shop"":{""id"":61,""name"":""Steam""},""deal"":{""price"":{""amount"":0.97,""amountInt"":97,""currency"":""USD""},""regular"":{""amount"":6.99,""amountInt"":699,""currency"":""USD""},""cut"":86}}"
242960,Blood Omen 2: Legacy of Kain,2025,16,2025-09-29T19:35:02+02:00,2025-09-29T17:35:02Z,61,Steam,object,0.97,97,USD,6.99,699,USD,86,discount,,"{""timestamp"":""2025-09-29T19:35:02+02:00"",""shop"":{""id"":61,""name"":""Steam""},""deal"":{""price"":{""amount"":0.97,""amountInt"":97,""currency"":""USD""},""regular"":{""amount"":6.99,""amountInt"":699,""currency"":""USD""},""cut"":86}}"
252490,Rust,2023,53,2023-11-21T19:40:51+01:00,2023-11-21T18:40:51Z,61,Steam,object,26.79,2679,USD,39.99,3999,USD,33,discount,,"{""timestamp"":""2023-11-21T19:40:51+01:00"",""shop"":{""id"":61,""name"":""Steam""},""deal"":{""price"":{""amount"":26.79,""amountInt"":2679,""currency"":""USD""},""regular"":{""amount"":39.99,""amountInt"":3999,""currency"":""USD""},""cut"":33}}"
252490,Rust,2024,34,2024-11-27T22:28:01+01:00,2024-11-27T21:28:01Z,61,Steam,object,23.99,2399,USD,39.99,3999,USD,40,discount,,"{""timestamp"":""2024-11-27T22:28:01+01:00"",""shop"":{""id"":61,""name"":""Steam""},""deal"":{""price"":{""amount"":23.99,""amountInt"":2399,""currency"":""USD""},""regular"":{""amount"":39.99,""amountInt"":3999,""currency"":""USD""},""cut"":40}}"
252490,Rust,2025,18,2025-09-29T22:18:14+02:00,2025-09-29T20:18:14Z,61,Steam,object,19.99,1999,USD,39.99,3999,USD,50,discount,,"{""timestamp"":""2025-09-29T22:18:14+02:00"",""shop"":{""id"":61,""name"":""Steam""},""deal"":{""price"":{""amount"":19.99,""amountInt"":1999,""currency"":""USD""},""regular"":{""amount"":39.99,""amountInt"":3999,""currency"":""USD""},""cut"":50}}"
262470,Rollers of the Realm,2023,19,2023-11-21T19:49:50+01:00,2023-11-21T18:49:50Z,61,Steam,object,7.49,749,USD,9.99,999,USD,25,discount,,"{""timestamp"":""2023-11-21T19:49:50+01:00"",""shop"":{""id"":61,""name"":""Steam""},""deal"":{""price"":{""amount"":7.49,""amountInt"":749,""currency"":""USD""},""regular"":{""amount"":9.99,""amountInt"":999,""currency"":""USD""},""cut"":25}}"
262470,Rollers of the Realm,2024,11,2024-11-27T19:49:15+01:00,2024-11-27T18:49:15Z,61,Steam,object,5.49,549,USD,9.99,999,USD,45,discount,,"{""timestamp"":""2024-11-27T19:49:15+01:00"",""shop"":{""id"":61,""name"":""Steam""},""deal"":{""price"":{""amount"":5.49,""amountInt"":549,""currency"":""USD""},""regular"":{""amount"":9.99,""amountInt"":999,""currency"":""USD""},""cut"":45}}"
270880,American Truck Simulator,2023,64,2023-11-21T19:31:54+01:00,2023-11-21T18:31:54Z,61,Steam,object,4.99,499,USD,19.99,1999,USD,75,discount,,"{""timestamp"":""2023-11-21T19:31:54+01:00"",""shop"":{""id"":61,""name"":""Steam""},""deal"":{""price"":{""amount"":4.99,""amountInt"":499,""currency"":""USD""},""regular"":{""amount"":19.99,""amountInt"":1999,""currency"":""USD""},""cut"":75}}"
270880,American Truck Simulator,2024,40,2024-11-27T21:40:30+01:00,2024-11-27T20:40:30Z,61,Steam,object,4.99,499,USD,19.99,1999,USD,75,discount,,"{""timestamp"":""2024-11-27T21:40:30+01:00"",""shop"":{""id"":61,""name"":""Steam""},""deal"":{""price"":{""amount"":4.99,""amountInt"":499,""currency"":""USD""},""regular"":{""amount"":19.99,""amountInt"":1999,""currency"":""USD""},""cut"":75}}"
270880,American Truck Simulator,2025,22,2025-09-29T22:18:59+02:00,2025-09-29T20:18:59Z,61,Steam,object,4.99,499,USD,19.99,1999,USD,75,discount,,"{""timestamp"":""2025-09-29T22:18:59+02:00"",""shop"":{""id"":61,""name"":""Steam""},""deal"":{""price"":{""amount"":4.99,""amountInt"":499,""currency"":""USD""},""regular"":{""amount"":19.99,""amountInt"":1999,""currency"":""USD""},""cut"":75}}"
292400,Unrest,2023,24,2023-11-21T20:05:59+01:00,2023-11-21T19:05:59Z,61,Steam,object,1.99,199,USD,9.99,999,USD,80,discount,,"{""timestamp"":""2023-11-21T20:05:59+01:00"",""shop"":{""id"":61,""name"":""Steam""},""deal"":{""price"":{""amount"":1.99,""amountInt"":199,""currency"":""USD""},""regular"":{""amount"":9.99,""amountInt"":999,""currency"":""USD""},""cut"":80}}"
292400,Unrest,2024,16,2024-11-27T19:49:58+01:00,2024-11-27T18:49:58Z,61,Steam,object,1.99,199,USD,9.99,999,USD,80,discount,,"{""timestamp"":""2024-11-27T19:49:58+01:00"",""shop"":{""id"":61,""name"":""Steam""},""deal"":{""price"":{""amount"":1.99,""amountInt"":199,""currency"":""USD""},""regular"":{""amount"":9.99,""amountInt"":999,""currency"":""USD""},""cut"":80}}"
292400,Unrest,2025,6,2025-09-29T19:31:40+02:00,2025-09-29T17:31:40Z,61,Steam,object,1.99,199,USD,9.99,999,USD,80,discount,,"{""timestamp"":""2025-09-29T19:31:40+02:00"",""shop"":{""id"":61,""name"":""Steam""},""deal"":{""price"":{""amount"":1.99,""amountInt"":199,""currency"":""USD""},""regular"":{""amount"":9.99,""amountInt"":999,""currency"":""USD""},""cut"":80}}"
303680,FATE: The Traitor Soul,2025,12,2025-09-29T19:31:46+02:00,2025-09-29T17:31:46Z,61,Steam,object,3.99,399,USD,7.99,799,USD,50,discount,,"{""timestamp"":""2025-09-29T19:31:46+02:00"",""shop"":{""id"":61,""name"":""Steam""},""deal"":{""price"":{""amount"":3.99,""amountInt"":399,""currency"":""USD""},""regular"":{""amount"":7.99,""amountInt"":799,""currency"":""USD""},""cut"":50}}"
312520,Rain World,2023,60,2023-11-21T19:41:55+01:00,2023-11-21T18:41:55Z,61,Steam,object,9.99,999,USD,24.99,2499,USD,60,discount,,"{""timestamp"":""2023-11-21T19:41:55+01:00"",""shop"":{""id"":61,""name"":""Steam""},""deal"":{""price"":{""amount"":9.99,""amountInt"":999,""currency"":""USD""},""regular"":{""amount"":24.99,""amountInt"":2499,""currency"":""USD""},""cut"":60}}"
312520,Rain World,2024,40,2024-11-27T22:20:18+01:00,2024-11-27T21:20:18Z,61,Steam,object,9.99,999,USD,24.99,2499,USD,60,discount,,"{""timestamp"":""2024-11-27T22:20:18+01:00"",""shop"":{""id"":61,""name"":""Steam""},""deal"":{""price"":{""amount"":9.99,""amountInt"":999,""currency"":""USD""},""regular"":{""amount"":24.99,""amountInt"":2499,""currency"":""USD""},""cut"":60}}"
312520,Rain World,2025,22,2025-09-29T22:57:16+02:00,2025-09-29T20:57:16Z,61,Steam,object,11.24,1124,USD,24.99,2499,USD,55,discount,,"{""timestamp"":""2025-09-29T22:57:16+02:00"",""shop"":{""id"":61,""name"":""Steam""},""deal"":{""price"":{""amount"":11.24,""amountInt"":1124,""currency"":""USD""},""regular"":{""amount"":24.99,""amountInt"":2499,""currency"":""USD""},""cut"":55}}"
331200,Grass Simulator,2023,34,2023-11-21T19:17:49+01:00,2023-11-21T18:17:49Z,61,Steam,object,2.49,249,USD,4.99,499,USD,50,discount,,"{""timestamp"":""2023-11-21T19:17:49+01:00"",""shop"":{""id"":61,""name"":""Steam""},""deal"":{""price"":{""amount"":2.49,""amountInt"":249,""currency"":""USD""},""regular"":{""amount"":4.99,""amountInt"":499,""currency"":""USD""},""cut"":50}}"
331200,Grass Simulator,2024,26,2024-11-27T19:51:30+01:00,2024-11-27T18:51:30Z,61,Steam,object,3.34,334,USD,4.99,499,USD,33,discount,,"{""timestamp"":""2024-11-27T19:51:30+01:00"",""shop"":{""id"":61,""name"":""Steam""},""deal"":{""price"":{""amount"":3.34,""amountInt"":334,""currency"":""USD""},""regular"":{""amount"":4.99,""amountInt"":499,""currency"":""USD""},""cut"":33}}"
331200,Grass Simulator,2025,16,2025-09-29T19:32:27+02:00,2025-09-29T17:32:27Z,61,Steam,object,3.34,334,USD,4.99,499,USD,33,discount,,"{""timestamp"":""2025-09-29T19:32:27+02:00"",""shop"":{""id"":61,""name"":""Steam""},""deal"":{""price"":{""amount"":3.34,""amountInt"":334,""currency"":""USD""},""regular"":{""amount"":4.99,""amountInt"":499,""currency"":""USD""},""cut"":33}}"
360430,Mafia III: Definitive Edition,2023,58,2023-11-21T19:42:54+01:00,2023-11-21T18:42:54Z,61,Steam,object,9.89,989,USD,29.99,2999,USD,67,discount,,"{""timestamp"":""2023-11-21T19:42:54+01:00"",""shop"":{""id"":61,""name"":""Steam""},""deal"":{""price"":{""amount"":9.89,""amountInt"":989,""currency"":""USD""},""regular"":{""amount"":29.99,""amountInt"":2999,""currency"":""USD""},""cut"":67}}"
360430,Mafia III: Definitive Edition,2024,38,2024-11-27T21:33:58+01:00,2024-11-27T20:33:58Z,61,Steam,object,7.49,749,USD,29.99,2999,USD,75,discount,,"{""timestamp"":""2024-11-27T21:33:58+01:00"",""shop"":{""id"":61,""name"":""Steam""},""deal"":{""price"":{""amount"":7.49,""amountInt"":749,""currency"":""USD""},""regular"":{""amount"":29.99,""amountInt"":2999,""currency"":""USD""},""cut"":75}}"
360430,Mafia III: Definitive Edition,2025,20,2025-09-29T22:36:05+02:00,2025-09-29T20:36:05Z,61,Steam,object,2.99,299,USD,29.99,2999,USD,90,discount,,"{""timestamp"":""2025-09-29T22:36:05+02:00"",""shop"":{""id"":61,""name"":""Steam""},""deal"":{""price"":{""amount"":2.99,""amountInt"":299,""currency"":""USD""},""regular"":{""amount"":29.99,""amountInt"":2999,""currency"":""USD""},""cut"":90}}"
363890,RPG Maker MV,2023,59,2023-11-21T19:34:00+01:00,2023-11-21T18:34:00Z,61,Steam,object,11.99,1199,USD,79.99,7999,USD,85,discount,,"{""timestamp"":""2023-11-21T19:34:00+01:00"",""shop"":{""id"":61,""name"":""Steam""},""deal"":{""price"":{""amount"":11.99,""amountInt"":1199,""currency"":""USD""},""regular"":{""amount"":79.99,""amountInt"":7999,""currency"":""USD""},""cut"":85}}"
363890,RPG Maker MV,2024,39,2024-11-27T22:20:01+01:00,2024-11-27T21:20:01Z,61,Steam,object,11.99,1199,USD,79.99,7999,USD,85,discount,,"{""timestamp"":""2024-11-27T22:20:01+01:00"",""shop"":{""id"":61,""name"":""Steam""},""deal"":{""price"":{""amount"":11.99,""amountInt"":1199,""currency"":""USD""},""regular"":{""amount"":79.99,""amountInt"":7999,""currency"":""USD""},""cut"":85}}"
363890,RPG Maker MV,2025,21,2025-09-29T22:29:58+02:00,2025-09-29T20:29:58Z,61,Steam,object,11.99,1199,USD,79.99,7999,USD,85,discount,,"{""timestamp"":""2025-09-29T22:29:58+02:00"",""shop"":{""id"":61,""name"":""Steam""},""deal"":{""price"":{""amount"":11.99,""amountInt"":1199,""currency"":""USD""},""regular"":{""amount"":79.99,""amountInt"":7999,""currency"":""USD""},""cut"":85}}"
397310,Looterkings,2023,55,2023-11-21T19:18:42+01:00,2023-11-21T18:18:42Z,61,Steam,object,1.79,179,USD,17.99,1799,USD,90,discount,,"{""timestamp"":""2023-11-21T19:18:42+01:00"",""shop"":{""id"":61,""name"":""Steam""},""deal"":{""price"":{""amount"":1.79,""amountInt"":179,""currency"":""USD""},""regular"":{""amount"":17.99,""amountInt"":1799,""currency"":""USD""},""cut"":90}}"
397310,Looterkings,2024,35,2024-11-27T21:32:15+01:00,2024-11-27T20:32:15Z,61,Steam,object,1.79,179,USD,17.99,1799,USD,90,discount,,"{""timestamp"":""2024-11-27T21:32:15+01:00"",""shop"":{""id"":61,""name"":""Steam""},""deal"":{""price"":{""amount"":1.79,""amountInt"":179,""currency"":""USD""},""regular"":{""amount"":17.99,""amountInt"":1799,""currency"":""USD""},""cut"":90}}"
397310,Looterkings,2025,17,2025-09-29T22:30:12+02:00,2025-09-29T20:30:12Z,61,Steam,object,0.89,89,USD,17.99,1799,USD,95,discount,,"{""timestamp"":""2025-09-29T22:30:12+02:00"",""shop"":{""id"":61,""name"":""Steam""},""deal"":{""price"":{""amount"":0.89,""amountInt"":89,""currency"":""USD""},""regular"":{""amount"":17.99,""amountInt"":1799,""currency"":""USD""},""cut"":95}}"
418030,Subsistence,2023,68,2023-11-21T19:19:02+01:00,2023-11-21T18:19:02Z,61,Steam,object,11.19,1119,USD,13.99,1399,USD,20,discount,,"{""timestamp"":""2023-11-21T19:19:02+01:00"",""shop"":{""id"":61,""name"":""Steam""},""deal"":{""price"":{""amount"":11.19,""amountInt"":1119,""currency"":""USD""},""regular"":{""amount"":13.99,""amountInt"":1399,""currency"":""USD""},""cut"":20}}"
418030,Subsistence,2024,46,2024-11-27T21:20:58+01:00,2024-11-27T20:20:58Z,61,Steam,object,10.49,1049,USD,13.99,1399,USD,25,discount,,"{""timestamp"":""2024-11-27T21:20:58+01:00"",""shop"":{""id"":61,""name"":""Steam""},""deal"":{""price"":{""amount"":10.49,""amountInt"":1049,""currency"":""USD""},""regular"":{""amount"":13.99,""amountInt"":1399,""currency"":""USD""},""cut"":25}}"
418030,Subsistence,2025,24,2025-09-29T23:02:32+02:00,2025-09-29T21:02:32Z,61,Steam,object,9.79,979,USD,13.99,1399,USD,30,discount,,"{""timestamp"":""2025-09-29T23:02:32+02:00"",""shop"":{""id"":61,""name"":""Steam""},""deal"":{""price"":{""amount"":9.79,""amountInt"":979,""currency"":""USD""},""regular"":{""amount"":13.99,""amountInt"":1399,""currency"":""USD""},""cut"":30}}"
445220,Avorion,2023,30,2023-11-21T19:25:30+01:00,2023-11-21T18:25:30Z,61,Steam,object,12.49,1249,USD,24.99,2499,USD,50,discount,,"{""timestamp"":""2023-11-21T19:25:30+01:00"",""shop"":{""id"":61,""name"":""Steam""},""deal"":{""price"":{""amount"":12.49,""amountInt"":1249,""currency"":""USD""},""regular"":{""amount"":24.99,""amountInt"":2499,""currency"":""USD""},""cut"":50}}"
445220,Avorion,2024,18,2024-11-27T19:52:50+01:00,2024-11-27T18:52:50Z,61,Steam,object,12.49,1249,USD,24.99,2499,USD,50,discount,,"{""timestamp"":""2024-11-27T19:52:50+01:00"",""shop"":{""id"":61,""name"":""Steam""},""deal"":{""price"":{""amount"":12.49,""amountInt"":1249,""currency"":""USD""},""regular"":{""amount"":24.99,""amountInt"":2499,""currency"":""USD""},""cut"":50}}"
445220,Avorion,2025,8,2025-09-30T00:15:20+02:00,2025-09-29T22:15:20Z,61,Steam,object,12.49,1249,USD,24.99,2499,USD,50,discount,,"{""timestamp"":""2025-09-30T00:15:20+02:00"",""shop"":{""id"":61,""name"":""Steam""},""deal"":{""price"":{""amount"":12.49,""amountInt"":1249,""currency"":""USD""},""regular"":{""amount"":24.99,""amountInt"":2499,""currency"":""USD""},""cut"":50}}"
528950,Nekuia,2023,66,2023-11-21T19:26:37+01:00,2023-11-21T18:26:37Z,61,Steam,object,3.19,319,USD,9.99,999,USD,68,discount,,"{""timestamp"":""2023-11-21T19:26:37+01:00"",""shop"":{""id"":61,""name"":""Steam""},""deal"":{""price"":{""amount"":3.19,""amountInt"":319,""currency"":""USD""},""regular"":{""amount"":9.99,""amountInt"":999,""currency"":""USD""},""cut"":68}}"
528950,Nekuia,2024,44,2024-11-27T21:40:44+01:00,2024-11-27T20:40:44Z,61,Steam,object,1.49,149,USD,9.99,999,USD,85,discount,,"{""timestamp"":""2024-11-27T21:40:44+01:00"",""shop"":{""id"":61,""name"":""Steam""},""deal"":{""price"":{""amount"":1.49,""amountInt"":149,""currency"":""USD""},""regular"":{""amount"":9.99,""amountInt"":999,""currency"":""USD""},""cut"":85}}"
528950,Nekuia,2025,24,2025-09-29T22:41:53+02:00,2025-09-29T20:41:53Z,61,Steam,object,1.49,149,USD,9.99,999,USD,85,discount,,"{""timestamp"":""2025-09-29T22:41:53+02:00"",""shop"":{""id"":61,""name"":""Steam""},""deal"":{""price"":{""amount"":1.49,""amountInt"":149,""currency"":""USD""},""regular"":{""amount"":9.99,""amountInt"":999,""currency"":""USD""},""cut"":85}}"
536220,The Walking Dead: A New Frontier,2023,51,2023-11-21T19:26:43+01:00,2023-11-21T18:26:43Z,61,Steam,object,3.74,374,USD,14.99,1499,USD,75,discount,,"{""timestamp"":""2023-11-21T19:26:43+01:00"",""shop"":{""id"":61,""name"":""Steam""},""deal"":{""price"":{""amount"":3.74,""amountInt"":374,""currency"":""USD""},""regular"":{""amount"":14.99,""amountInt"":1499,""currency"":""USD""},""cut"":75}}"
536220,The Walking Dead: A New Frontier,2024,33,2024-11-27T21:41:00+01:00,2024-11-27T20:41:00Z,61,Steam,object,3.74,374,USD,14.99,1499,USD,75,discount,,"{""timestamp"":""2024-11-27T21:41:00+01:00"",""shop"":{""id"":61,""name"":""Steam""},""deal"":{""price"":{""amount"":3.74,""amountInt"":374,""currency"":""USD""},""regular"":{""amount"":14.99,""amountInt"":1499,""currency"":""USD""},""cut"":75}}"
536220,The Walking Dead: A New Frontier,2025,16,2025-09-29T22:03:36+02:00,2025-09-29T20:03:36Z,61,Steam,object,3.74,374,USD,14.99,1499,USD,75,discount,,"{""timestamp"":""2025-09-29T22:03:36+02:00"",""shop"":{""id"":61,""name"":""Steam""},""deal"":{""price"":{""amount"":3.74,""amountInt"":374,""currency"":""USD""},""regular"":{""amount"":14.99,""amountInt"":1499,""currency"":""USD""},""cut"":75}}"
582660,Black Desert,2023,41,2023-11-21T19:28:29+01:00,2023-11-21T18:28:29Z,61,Steam,object,0.99,99,USD,9.99,999,USD,90,discount,,"{""timestamp"":""2023-11-21T19:28:29+01:00"",""shop"":{""id"":61,""name"":""Steam""},""deal"":{""price"":{""amount"":0.99,""amountInt"":99,""currency"":""USD""},""regular"":{""amount"":9.99,""amountInt"":999,""currency"":""USD""},""cut"":90}}"
582660,Black Desert,2024,27,2024-11-27T22:02:15+01:00,2024-11-27T21:02:15Z,61,Steam,object,0.99,99,USD,9.99,999,USD,90,discount,,"{""timestamp"":""2024-11-27T22:02:15+01:00"",""shop"":{""id"":61,""name"":""Steam""},""deal"":{""price"":{""amount"":0.99,""amountInt"":99,""currency"":""USD""},""regular"":{""amount"":9.99,""amountInt"":999,""currency"":""USD""},""cut"":90}}"
582660,Black Desert,2025,17,2025-09-29T22:56:43+02:00,2025-09-29T20:56:43Z,61,Steam,object,0.99,99,USD,9.99,999,USD,90,discount,,"{""timestamp"":""2025-09-29T22:56:43+02:00"",""shop"":{""id"":61,""name"":""Steam""},""deal"":{""price"":{""amount"":0.99,""amountInt"":99,""currency"":""USD""},""regular"":{""amount"":9.99,""amountInt"":999,""currency"":""USD""},""cut"":90}}"
595140,Immortal Redneck,2024,16,2024-11-27T21:40:37+01:00,2024-11-27T20:40:37Z,61,Steam,object,5.58,558,USD,19.95,1995,USD,72,discount,,"{""timestamp"":""2024-11-27T21:40:37+01:00"",""shop"":{""id"":61,""name"":""Steam""},""deal"":{""price"":{""amount"":5.58,""amountInt"":558,""currency"":""USD""},""regular"":{""amount"":19.95,""amountInt"":1995,""currency"":""USD""},""cut"":72}}"
595140,Immortal Redneck,2025,8,2025-09-29T19:31:17+02:00,2025-09-29T17:31:17Z,61,Steam,object,7.98,798,USD,19.95,1995,USD,60,discount,,"{""timestamp"":""2025-09-29T19:31:17+02:00"",""shop"":{""id"":61,""name"":""Steam""},""deal"":{""price"":{""amount"":7.98,""amountInt"":798,""currency"":""USD""},""regular"":{""amount"":19.95,""amountInt"":1995,""currency"":""USD""},""cut"":60}}"
700600,Evil Genius 2: World Domination,2023,30,2023-11-21T20:25:31+01:00,2023-11-21T19:25:31Z,61,Steam,object,23.99,2399,USD,39.99,3999,USD,40,discount,,"{""timestamp"":""2023-11-21T20:25:31+01:00"",""shop"":{""id"":61,""name"":""Steam""},""deal"":{""price"":{""amount"":23.99,""amountInt"":2399,""currency"":""USD""},""regular"":{""amount"":39.99,""amountInt"":3999,""currency"":""USD""},""cut"":40}}"
700600,Evil Genius 2: World Domination,2024,20,2024-11-27T19:53:00+01:00,2024-11-27T18:53:00Z,61,Steam,object,3.99,399,USD,39.99,3999,USD,90,discount,,"{""timestamp"":""2024-11-27T19:53:00+01:00"",""shop"":{""id"":61,""name"":""Steam""},""deal"":{""price"":{""amount"":3.99,""amountInt"":399,""currency"":""USD""},""regular"":{""amount"":39.99,""amountInt"":3999,""currency"":""USD""},""cut"":90}}"
700600,Evil Genius 2: World Domination,2025,10,2025-09-29T19:30:26+02:00,2025-09-29T17:30:26Z,61,Steam,object,3.99,399,USD,39.99,3999,USD,90,discount,,"{""timestamp"":""2025-09-29T19:30:26+02:00"",""shop"":{""id"":61,""name"":""Steam""},""deal"":{""price"":{""amount"":3.99,""amountInt"":399,""currency"":""USD""},""regular"":{""amount"":39.99,""amountInt"":3999,""currency"":""USD""},""cut"":90}}"
708430,Kamikaze Cube,2023,68,2023-11-21T23:59:09+01:00,2023-11-21T22:59:09Z,61,Steam,object,0.49,49,USD,0.99,99,USD,51,discount,,"{""timestamp"":""2023-11-21T23:59:09+01:00"",""shop"":{""id"":61,""name"":""Steam""},""deal"":{""price"":{""amount"":0.49,""amountInt"":49,""currency"":""USD""},""regular"":{""amount"":0.99,""amountInt"":99,""currency"":""USD""},""cut"":51}}"
708430,Kamikaze Cube,2024,44,2024-11-27T22:28:44+01:00,2024-11-27T21:28:44Z,61,Steam,object,0.49,49,USD,0.99,99,USD,51,discount,,"{""timestamp"":""2024-11-27T22:28:44+01:00"",""shop"":{""id"":61,""name"":""Steam""},""deal"":{""price"":{""amount"":0.49,""amountInt"":49,""currency"":""USD""},""regular"":{""amount"":0.99,""amountInt"":99,""currency"":""USD""},""cut"":51}}"
708430,Kamikaze Cube,2025,24,2025-09-29T23:02:38+02:00,2025-09-29T21:02:38Z,61,Steam,object,0.49,49,USD,0.99,99,USD,51,discount,,"{""timestamp"":""2025-09-29T23:02:38+02:00"",""shop"":{""id"":61,""name"":""Steam""},""deal"":{""price"":{""amount"":0.49,""amountInt"":49,""currency"":""USD""},""regular"":{""amount"":0.99,""amountInt"":99,""currency"":""USD""},""cut"":51}}"
757320,Atomicrops,2023,66,2023-11-22T00:16:10+01:00,2023-11-21T23:16:10Z,61,Steam,object,3.74,374,USD,14.99,1499,USD,75,discount,,"{""timestamp"":""2023-11-22T00:16:10+01:00"",""shop"":{""id"":61,""name"":""Steam""},""deal"":{""price"":{""amount"":3.74,""amountInt"":374,""currency"":""USD""},""regular"":{""amount"":14.99,""amountInt"":1499,""currency"":""USD""},""cut"":75}}"
757320,Atomicrops,2024,42,2024-11-27T21:33:54+01:00,2024-11-27T20:33:54Z,61,Steam,object,3.74,374,USD,14.99,1499,USD,75,discount,,"{""timestamp"":""2024-11-27T21:33:54+01:00"",""shop"":{""id"":61,""name"":""Steam""},""deal"":{""price"":{""amount"":3.74,""amountInt"":374,""currency"":""USD""},""regular"":{""amount"":14.99,""amountInt"":1499,""currency"":""USD""},""cut"":75}}"
757320,Atomicrops,2025,22,2025-09-29T22:29:10+02:00,2025-09-29T20:29:10Z,61,Steam,object,2.99,299,USD,14.99,1499,USD,80,discount,,"{""timestamp"":""2025-09-29T22:29:10+02:00"",""shop"":{""id"":61,""name"":""Steam""},""deal"":{""price"":{""amount"":2.99,""amountInt"":299,""currency"":""USD""},""regular"":{""amount"":14.99,""amountInt"":1499,""currency"":""USD""},""cut"":80}}"
791800,Mind Over Mushroom,2024,14,2024-11-27T19:48:43+01:00,2024-11-27T18:48:43Z,61,Steam,object,7.49,749,USD,14.99,1499,USD,50,discount,,"{""timestamp"":""2024-11-27T19:48:43+01:00"",""shop"":{""id"":61,""name"":""Steam""},""deal"":{""price"":{""amount"":7.49,""amountInt"":749,""currency"":""USD""},""regular"":{""amount"":14.99,""amountInt"":1499,""currency"":""USD""},""cut"":50}}"
791800,Mind Over Mushroom,2025,8,2025-10-01T08:33:16+02:00,2025-10-01T06:33:16Z,61,Steam,object,3.74,374,USD,14.99,1499,USD,75,discount,,"{""timestamp"":""2025-10-01T08:33:16+02:00"",""shop"":{""id"":61,""name"":""Steam""},""deal"":{""price"":{""amount"":3.74,""amountInt"":374,""currency"":""USD""},""regular"":{""amount"":14.99,""amountInt"":1499,""currency"":""USD""},""cut"":75}}"
799600,Cosmoteer: Starship Architect & Commander,2023,58,2023-11-21T20:34:33+01:00,2023-11-21T19:34:33Z,61,Steam,object,15.99,1599,USD,19.99,1999,USD,20,discount,,"{""timestamp"":""2023-11-21T20:34:33+01:00"",""shop"":{""id"":61,""name"":""Steam""},""deal"":{""price"":{""amount"":15.99,""amountInt"":1599,""currency"":""USD""},""regular"":{""amount"":19.99,""amountInt"":1999,""currency"":""USD""},""cut"":20}}"
799600,Cosmoteer: Starship Architect & Commander,2024,36,2024-11-27T22:20:39+01:00,2024-11-27T21:20:39Z,61,Steam,object,15.99,1599,USD,19.99,1999,USD,20,discount,,"{""timestamp"":""2024-11-27T22:20:39+01:00"",""shop"":{""id"":61,""name"":""Steam""},""deal"":{""price"":{""amount"":15.99,""amountInt"":1599,""currency"":""USD""},""regular"":{""amount"":19.99,""amountInt"":1999,""currency"":""USD""},""cut"":20}}"
799600,Cosmoteer: Starship Architect & Commander,2025,20,2025-09-29T23:07:47+02:00,2025-09-29T21:07:47Z,61,Steam,object,14.99,1499,USD,19.99,1999,USD,25,discount,,"{""timestamp"":""2025-09-29T23:07:47+02:00"",""shop"":{""id"":61,""name"":""Steam""},""deal"":{""price"":{""amount"":14.99,""amountInt"":1499,""currency"":""USD""},""regular"":{""amount"":19.99,""amountInt"":1999,""currency"":""USD""},""cut"":25}}"
809230,Unity of Command II,2023,58,2023-11-21T20:35:04+01:00,2023-11-21T19:35:04Z,61,Steam,object,7.49,749,USD,29.99,2999,USD,75,discount,,"{""timestamp"":""2023-11-21T20:35:04+01:00"",""shop"":{""id"":61,""name"":""Steam""},""deal"":{""price"":{""amount"":7.49,""amountInt"":749,""currency"":""USD""},""regular"":{""amount"":29.99,""amountInt"":2999,""currency"":""USD""},""cut"":75}}"
809230,Unity of Command II,2024,38,2024-11-27T21:40:48+01:00,2024-11-27T20:40:48Z,61,Steam,object,5.99,599,USD,29.99,2999,USD,80,discount,,"{""timestamp"":""2024-11-27T21:40:48+01:00"",""shop"":{""id"":61,""name"":""Steam""},""deal"":{""price"":{""amount"":5.99,""amountInt"":599,""currency"":""USD""},""regular"":{""amount"":29.99,""amountInt"":2999,""currency"":""USD""},""cut"":80}}"
809230,Unity of Command II,2025,20,2025-09-29T23:07:35+02:00,2025-09-29T21:07:35Z,61,Steam,object,4.49,449,USD,29.99,2999,USD,85,discount,,"{""timestamp"":""2025-09-29T23:07:35+02:00"",""shop"":{""id"":61,""name"":""Steam""},""deal"":{""price"":{""amount"":4.49,""amountInt"":449,""currency"":""USD""},""regular"":{""amount"":29.99,""amountInt"":2999,""currency"":""USD""},""cut"":85}}"
821720,20.000 Leagues Under The Sea - Captain Nemo,2024,42,2024-11-27T22:10:58+01:00,2024-11-27T21:10:58Z,61,Steam,object,0.97,97,USD,1.99,199,USD,51,discount,,"{""timestamp"":""2024-11-27T22:10:58+01:00"",""shop"":{""id"":61,""name"":""Steam""},""deal"":{""price"":{""amount"":0.97,""amountInt"":97,""currency"":""USD""},""regular"":{""amount"":1.99,""amountInt"":199,""currency"":""USD""},""cut"":51}}"
821720,20.000 Leagues Under The Sea - Captain Nemo,2025,22,2025-09-29T22:42:34+02:00,2025-09-29T20:42:34Z,61,Steam,object,0.77,77,USD,1.99,199,USD,61,discount,,"{""timestamp"":""2025-09-29T22:42:34+02:00"",""shop"":{""id"":61,""name"":""Steam""},""deal"":{""price"":{""amount"":0.77,""amountInt"":77,""currency"":""USD""},""regular"":{""amount"":1.99,""amountInt"":199,""currency"":""USD""},""cut"":61}}"
826420,Dark Romance: Heart of the Beast Collector's Edition,2023,25,2023-11-21T20:36:41+01:00,2023-11-21T19:36:41Z,61,Steam,object,4.99,499,USD,9.99,999,USD,50,discount,,"{""timestamp"":""2023-11-21T20:36:41+01:00"",""shop"":{""id"":61,""name"":""Steam""},""deal"":{""price"":{""amount"":4.99,""amountInt"":499,""currency"":""USD""},""regular"":{""amount"":9.99,""amountInt"":999,""currency"":""USD""},""cut"":50}}"
826420,Dark Romance: Heart of the Beast Collector's Edition,2024,19,2024-11-27T22:35:58+01:00,2024-11-27T21:35:58Z,61,Steam,object,3.99,399,USD,9.99,999,USD,60,discount,,"{""timestamp"":""2024-11-27T22:35:58+01:00"",""shop"":{""id"":61,""name"":""Steam""},""deal"":{""price"":{""amount"":3.99,""amountInt"":399,""currency"":""USD""},""regular"":{""amount"":9.99,""amountInt"":999,""currency"":""USD""},""cut"":60}}"
826420,Dark Romance: Heart of the Beast Collector's Edition,2025,11,2025-09-29T19:49:19+02:00,2025-09-29T17:49:19Z,61,Steam,object,3.99,399,USD,9.99,999,USD,60,discount,,"{""timestamp"":""2025-09-29T19:49:19+02:00"",""shop"":{""id"":61,""name"":""Steam""},""deal"":{""price"":{""amount"":3.99,""amountInt"":399,""currency"":""USD""},""regular"":{""amount"":9.99,""amountInt"":999,""currency"":""USD""},""cut"":60}}"
829590,CryoFall,2023,60,2023-11-21T20:36:53+01:00,2023-11-21T19:36:53Z,61,Steam,object,3.99,399,USD,19.99,1999,USD,80,discount,,"{""timestamp"":""2023-11-21T20:36:53+01:00"",""shop"":{""id"":61,""name"":""Steam""},""deal"":{""price"":{""amount"":3.99,""amountInt"":399,""currency"":""USD""},""regular"":{""amount"":19.99,""amountInt"":1999,""currency"":""USD""},""cut"":80}}"
829590,CryoFall,2024,38,2024-11-27T21:40:43+01:00,2024-11-27T20:40:43Z,61,Steam,object,2.99,299,USD,19.99,1999,USD,85,discount,,"{""timestamp"":""2024-11-27T21:40:43+01:00"",""shop"":{""id"":61,""name"":""Steam""},""deal"":{""price"":{""amount"":2.99,""amountInt"":299,""currency"":""USD""},""regular"":{""amount"":19.99,""amountInt"":1999,""currency"":""USD""},""cut"":85}}"
829590,CryoFall,2025,22,2025-09-29T22:42:02+02:00,2025-09-29T20:42:02Z,61,Steam,object,1.99,199,USD,19.99,1999,USD,90,discount,,"{""timestamp"":""2025-09-29T22:42:02+02:00"",""shop"":{""id"":61,""name"":""Steam""},""deal"":{""price"":{""amount"":1.99,""amountInt"":199,""currency"":""USD""},""regular"":{""amount"":19.99,""amountInt"":1999,""currency"":""USD""},""cut"":90}}"
887920,Maestro: Music from the Void Collector's Edition,2023,23,2023-11-21T20:40:10+01:00,2023-11-21T19:40:10Z,61,Steam,object,4.99,499,USD,9.99,999,USD,50,discount,,"{""timestamp"":""2023-11-21T20:40:10+01:00"",""shop"":{""id"":61,""name"":""Steam""},""deal"":{""price"":{""amount"":4.99,""amountInt"":499,""currency"":""USD""},""regular"":{""amount"":9.99,""amountInt"":999,""currency"":""USD""},""cut"":50}}"
887920,Maestro: Music from the Void Collector's Edition,2024,17,2024-11-27T22:36:05+01:00,2024-11-27T21:36:05Z,61,Steam,object,3.99,399,USD,9.99,999,USD,60,discount,,"{""timestamp"":""2024-11-27T22:36:05+01:00"",""shop"":{""id"":61,""name"":""Steam""},""deal"":{""price"":{""amount"":3.99,""amountInt"":399,""currency"":""USD""},""regular"":{""amount"":9.99,""amountInt"":999,""currency"":""USD""},""cut"":60}}"
887920,Maestro: Music from the Void Collector's Edition,2025,9,2025-09-29T21:35:16+02:00,2025-09-29T19:35:16Z,61,Steam,object,3.99,399,USD,9.99,999,USD,60,discount,,"{""timestamp"":""2025-09-29T21:35:16+02:00"",""shop"":{""id"":61,""name"":""Steam""},""deal"":{""price"":{""amount"":3.99,""amountInt"":399,""currency"":""USD""},""regular"":{""amount"":9.99,""amountInt"":999,""currency"":""USD""},""cut"":60}}"
965590,Sagrada,2024,41,2024-11-27T22:02:09+01:00,2024-11-27T21:02:09Z,61,Steam,object,3.99,399,USD,9.99,999,USD,60,discount,,"{""timestamp"":""2024-11-27T22:02:09+01:00"",""shop"":{""id"":61,""name"":""Steam""},""deal"":{""price"":{""amount"":3.99,""amountInt"":399,""currency"":""USD""},""regular"":{""amount"":9.99,""amountInt"":999,""currency"":""USD""},""cut"":60}}"
965590,Sagrada,2025,23,2025-09-29T23:07:41+02:00,2025-09-29T21:07:41Z,61,Steam,object,4.99,499,USD,9.99,999,USD,50,discount,,"{""timestamp"":""2025-09-29T23:07:41+02:00"",""shop"":{""id"":61,""name"":""Steam""},""deal"":{""price"":{""amount"":4.99,""amountInt"":499,""currency"":""USD""},""regular"":{""amount"":9.99,""amountInt"":999,""currency"":""USD""},""cut"":50}}"
1083210,符文女孩/Rune Girl,2023,66,2023-11-21T20:58:41+01:00,2023-11-21T19:58:41Z,61,Steam,object,0.49,49,USD,0.99,99,USD,51,discount,,"{""timestamp"":""2023-11-21T20:58:41+01:00"",""shop"":{""id"":61,""name"":""Steam""},""deal"":{""price"":{""amount"":0.49,""amountInt"":49,""currency"":""USD""},""regular"":{""amount"":0.99,""amountInt"":99,""currency"":""USD""},""cut"":51}}"
1083210,符文女孩/Rune Girl,2024,42,2024-11-27T22:19:58+01:00,2024-11-27T21:19:58Z,61,Steam,object,0.49,49,USD,0.99,99,USD,51,discount,,"{""timestamp"":""2024-11-27T22:19:58+01:00"",""shop"":{""id"":61,""name"":""Steam""},""deal"":{""price"":{""amount"":0.49,""amountInt"":49,""currency"":""USD""},""regular"":{""amount"":0.99,""amountInt"":99,""currency"":""USD""},""cut"":51}}"
1083210,符文女孩/Rune Girl,2025,22,2025-09-29T22:23:39+02:00,2025-09-29T20:23:39Z,61,Steam,object,0.49,49,USD,0.99,99,USD,51,discount,,"{""timestamp"":""2025-09-29T22:23:39+02:00"",""shop"":{""id"":61,""name"":""Steam""},""deal"":{""price"":{""amount"":0.49,""amountInt"":49,""currency"":""USD""},""regular"":{""amount"":0.99,""amountInt"":99,""currency"":""USD""},""cut"":51}}"
1090250,Crunch Element,2023,15,2023-11-28T18:38:12+01:00,2023-11-28T17:38:12Z,61,Steam,object,13.39,1339,USD,19.99,1999,USD,33,discount,,"{""timestamp"":""2023-11-28T18:38:12+01:00"",""shop"":{""id"":61,""name"":""Steam""},""deal"":{""price"":{""amount"":13.39,""amountInt"":1339,""currency"":""USD""},""regular"":{""amount"":19.99,""amountInt"":1999,""currency"":""USD""},""cut"":33}}"
1090250,Crunch Element,2025,5,2025-10-01T21:00:24+02:00,2025-10-01T19:00:24Z,61,Steam,object,13.99,1399,USD,19.99,1999,USD,30,discount,,"{""timestamp"":""2025-10-01T21:00:24+02:00"",""shop"":{""id"":61,""name"":""Steam""},""deal"":{""price"":{""amount"":13.99,""amountInt"":1399,""currency"":""USD""},""regular"":{""amount"":19.99,""amountInt"":1999,""currency"":""USD""},""cut"":30}}"
1158850,The Great Ace Attorney Chronicles,2024,34,2024-11-27T22:20:27+01:00,2024-11-27T21:20:27Z,61,Steam,object,15.99,1599,USD,39.99,3999,USD,60,discount,,"{""timestamp"":""2024-11-27T22:20:27+01:00"",""shop"":{""id"":61,""name"":""Steam""},""deal"":{""price"":{""amount"":15.99,""amountInt"":1599,""currency"":""USD""},""regular"":{""amount"":39.99,""amountInt"":3999,""currency"":""USD""},""cut"":60}}"
1239260,Barro F,2023,56,2023-11-21T21:11:50+01:00,2023-11-21T20:11:50Z,61,Steam,object,0.49,49,USD,0.99,99,USD,51,discount,,"{""timestamp"":""2023-11-21T21:11:50+01:00"",""shop"":{""id"":61,""name"":""Steam""},""deal"":{""price"":{""amount"":0.49,""amountInt"":49,""currency"":""USD""},""regular"":{""amount"":0.99,""amountInt"":99,""currency"":""USD""},""cut"":51}}"
1249680,Ninshi Masuta,2023,34,2023-11-21T21:12:27+01:00,2023-11-21T20:12:27Z,61,Steam,object,3.49,349,USD,9.99,999,USD,65,discount,,"{""timestamp"":""2023-11-21T21:12:27+01:00"",""shop"":{""id"":61,""name"":""Steam""},""deal"":{""price"":{""amount"":3.49,""amountInt"":349,""currency"":""USD""},""regular"":{""amount"":9.99,""amountInt"":999,""currency"":""USD""},""cut"":65}}"
1249680,Ninshi Masuta,2024,22,2024-11-27T20:51:46+01:00,2024-11-27T19:51:46Z,61,Steam,object,3.49,349,USD,9.99,999,USD,65,discount,,"{""timestamp"":""2024-11-27T20:51:46+01:00"",""shop"":{""id"":61,""name"":""Steam""},""deal"":{""price"":{""amount"":3.49,""amountInt"":349,""currency"":""USD""},""regular"":{""amount"":9.99,""amountInt"":999,""currency"":""USD""},""cut"":65}}"
1249680,Ninshi Masuta,2025,10,2025-09-29T22:11:10+02:00,2025-09-29T20:11:10Z,61,Steam,object,3.49,349,USD,9.99,999,USD,65,discount,,"{""timestamp"":""2025-09-29T22:11:10+02:00"",""shop"":{""id"":61,""name"":""Steam""},""deal"":{""price"":{""amount"":3.49,""amountInt"":349,""currency"":""USD""},""regular"":{""amount"":9.99,""amountInt"":999,""currency"":""USD""},""cut"":65}}"
1257270,The Valley of Super Flowers,2023,66,2023-11-21T21:12:57+01:00,2023-11-21T20:12:57Z,61,Steam,object,1.09,109,USD,4.99,499,USD,78,discount,,"{""timestamp"":""2023-11-21T21:12:57+01:00"",""shop"":{""id"":61,""name"":""Steam""},""deal"":{""price"":{""amount"":1.09,""amountInt"":109,""currency"":""USD""},""regular"":{""amount"":4.99,""amountInt"":499,""currency"":""USD""},""cut"":78}}"
1257270,The Valley of Super Flowers,2025,24,2025-09-29T22:42:03+02:00,2025-09-29T20:42:03Z,61,Steam,object,0.49,49,USD,4.99,499,USD,90,discount,,"{""timestamp"":""2025-09-29T22:42:03+02:00"",""shop"":{""id"":61,""name"":""Steam""},""deal"":{""price"":{""amount"":0.49,""amountInt"":49,""currency"":""USD""},""regular"":{""amount"":4.99,""amountInt"":499,""currency"":""USD""},""cut"":90}}"
1373180,The Sea Hotel☆Umineko Tei,2023,16,2023-11-21T21:23:12+01:00,2023-11-21T20:23:12Z,61,Steam,object,3.84,384,USD,6.99,699,USD,45,discount,,"{""timestamp"":""2023-11-21T21:23:12+01:00"",""shop"":{""id"":61,""name"":""Steam""},""deal"":{""price"":{""amount"":3.84,""amountInt"":384,""currency"":""USD""},""regular"":{""amount"":6.99,""amountInt"":699,""currency"":""USD""},""cut"":45}}"
1373180,The Sea Hotel☆Umineko Tei,2024,10,2024-12-01T22:45:28+01:00,2024-12-01T21:45:28Z,61,Steam,object,3.84,384,USD,6.99,699,USD,45,discount,,"{""timestamp"":""2024-12-01T22:45:28+01:00"",""shop"":{""id"":61,""name"":""Steam""},""deal"":{""price"":{""amount"":3.84,""amountInt"":384,""currency"":""USD""},""regular"":{""amount"":6.99,""amountInt"":699,""currency"":""USD""},""cut"":45}}"
1413660,Elderand,2023,60,2023-11-21T21:28:30+01:00,2023-11-21T20:28:30Z,61,Steam,object,9.99,999,USD,19.99,1999,USD,50,discount,,"{""timestamp"":""2023-11-21T21:28:30+01:00"",""shop"":{""id"":61,""name"":""Steam""},""deal"":{""price"":{""amount"":9.99,""amountInt"":999,""currency"":""USD""},""regular"":{""amount"":19.99,""amountInt"":1999,""currency"":""USD""},""cut"":50}}"
1413660,Elderand,2024,40,2024-11-27T21:41:48+01:00,2024-11-27T20:41:48Z,61,Steam,object,7.99,799,USD,19.99,1999,USD,60,discount,,"{""timestamp"":""2024-11-27T21:41:48+01:00"",""shop"":{""id"":61,""name"":""Steam""},""deal"":{""price"":{""amount"":7.99,""amountInt"":799,""currency"":""USD""},""regular"":{""amount"":19.99,""amountInt"":1999,""currency"":""USD""},""cut"":60}}"
1413660,Elderand,2025,20,2025-09-29T23:07:51+02:00,2025-09-29T21:07:51Z,61,Steam,object,7.99,799,USD,19.99,1999,USD,60,discount,,"{""timestamp"":""2025-09-29T23:07:51+02:00"",""shop"":{""id"":61,""name"":""Steam""},""deal"":{""price"":{""amount"":7.99,""amountInt"":799,""currency"":""USD""},""regular"":{""amount"":19.99,""amountInt"":1999,""currency"":""USD""},""cut"":60}}"
1418360,Lonesome Village,2023,66,2023-11-21T21:28:49+01:00,2023-11-21T20:28:49Z,61,Steam,object,14.99,1499,USD,19.99,1999,USD,25,discount,,"{""timestamp"":""2023-11-21T21:28:49+01:00"",""shop"":{""id"":61,""name"":""Steam""},""deal"":{""price"":{""amount"":14.99,""amountInt"":1499,""currency"":""USD""},""regular"":{""amount"":19.99,""amountInt"":1999,""currency"":""USD""},""cut"":25}}"
1418360,Lonesome Village,2024,42,2024-11-27T22:11:16+01:00,2024-11-27T21:11:16Z,61,Steam,object,11.99,1199,USD,19.99,1999,USD,40,discount,,"{""timestamp"":""2024-11-27T22:11:16+01:00"",""shop"":{""id"":61,""name"":""Steam""},""deal"":{""price"":{""amount"":11.99,""amountInt"":1199,""currency"":""USD""},""regular"":{""amount"":19.99,""amountInt"":1999,""currency"":""USD""},""cut"":40}}"
1418360,Lonesome Village,2025,22,2025-09-29T23:02:52+02:00,2025-09-29T21:02:52Z,61,Steam,object,9.99,999,USD,19.99,1999,USD,50,discount,,"{""timestamp"":""2025-09-29T23:02:52+02:00"",""shop"":{""id"":61,""name"":""Steam""},""deal"":{""price"":{""amount"":9.99,""amountInt"":999,""currency"":""USD""},""regular"":{""amount"":19.99,""amountInt"":1999,""currency"":""USD""},""cut"":50}}"
1465260,Cyberpunk SFX,2023,59,2023-11-21T21:31:45+01:00,2023-11-21T20:31:45Z,61,Steam,object,1.19,119,USD,11.99,1199,USD,90,discount,,"{""timestamp"":""2023-11-21T21:31:45+01:00"",""shop"":{""id"":61,""name"":""Steam""},""deal"":{""price"":{""amount"":1.19,""amountInt"":119,""currency"":""USD""},""regular"":{""amount"":11.99,""amountInt"":1199,""currency"":""USD""},""cut"":90}}"
1465260,Cyberpunk SFX,2025,21,2025-09-29T22:53:12+02:00,2025-09-29T20:53:12Z,61,Steam,object,1.24,124,USD,24.99,2499,USD,95,discount,,"{""timestamp"":""2025-09-29T22:53:12+02:00"",""shop"":{""id"":61,""name"":""Steam""},""deal"":{""price"":{""amount"":1.24,""amountInt"":124,""currency"":""USD""},""regular"":{""amount"":24.99,""amountInt"":2499,""currency"":""USD""},""cut"":95}}"
1532510,Purrfect Apawcalypse: Love at Furst Bite,2023,22,2023-11-21T22:01:58+01:00,2023-11-21T21:01:58Z,61,Steam,object,0.99,99,USD,4.99,499,USD,80,discount,,"{""timestamp"":""2023-11-21T22:01:58+01:00"",""shop"":{""id"":61,""name"":""Steam""},""deal"":{""price"":{""amount"":0.99,""amountInt"":99,""currency"":""USD""},""regular"":{""amount"":4.99,""amountInt"":499,""currency"":""USD""},""cut"":80}}"
1532510,Purrfect Apawcalypse: Love at Furst Bite,2024,14,2024-11-27T20:15:48+01:00,2024-11-27T19:15:48Z,61,Steam,object,1.99,199,USD,4.99,499,USD,60,discount,,"{""timestamp"":""2024-11-27T20:15:48+01:00"",""shop"":{""id"":61,""name"":""Steam""},""deal"":{""price"":{""amount"":1.99,""amountInt"":199,""currency"":""USD""},""regular"":{""amount"":4.99,""amountInt"":499,""currency"":""USD""},""cut"":60}}"
1532510,Purrfect Apawcalypse: Love at Furst Bite,2025,6,2025-10-01T14:32:14+02:00,2025-10-01T12:32:14Z,61,Steam,object,1.99,199,USD,4.99,499,USD,60,discount,,"{""timestamp"":""2025-10-01T14:32:14+02:00"",""shop"":{""id"":61,""name"":""Steam""},""deal"":{""price"":{""amount"":1.99,""amountInt"":199,""currency"":""USD""},""regular"":{""amount"":4.99,""amountInt"":499,""currency"":""USD""},""cut"":60}}"
1560770,Tower of Waifus 2,2023,62,2023-11-21T22:03:22+01:00,2023-11-21T21:03:22Z,61,Steam,object,1.25,125,USD,1.99,199,USD,37,discount,,"{""timestamp"":""2023-11-21T22:03:22+01:00"",""shop"":{""id"":61,""name"":""Steam""},""deal"":{""price"":{""amount"":1.25,""amountInt"":125,""currency"":""USD""},""regular"":{""amount"":1.99,""amountInt"":199,""currency"":""USD""},""cut"":37}}"
1560770,Tower of Waifus 2,2024,40,2024-11-27T22:28:41+01:00,2024-11-27T21:28:41Z,61,Steam,object,1.19,119,USD,1.99,199,USD,40,discount,,"{""timestamp"":""2024-11-27T22:28:41+01:00"",""shop"":{""id"":61,""name"":""Steam""},""deal"":{""price"":{""amount"":1.19,""amountInt"":119,""currency"":""USD""},""regular"":{""amount"":1.99,""amountInt"":199,""currency"":""USD""},""cut"":40}}"
1560770,Tower of Waifus 2,2025,24,2025-09-29T22:36:16+02:00,2025-09-29T20:36:16Z,61,Steam,object,0.89,89,USD,1.99,199,USD,55,discount,,"{""timestamp"":""2025-09-29T22:36:16+02:00"",""shop"":{""id"":61,""name"":""Steam""},""deal"":{""price"":{""amount"":0.89,""amountInt"":89,""currency"":""USD""},""regular"":{""amount"":1.99,""amountInt"":199,""currency"":""USD""},""cut"":55}}"
1588760,Switchball HD,2023,64,2023-11-22T00:08:39+01:00,2023-11-21T23:08:39Z,61,Steam,object,4.49,449,USD,8.99,899,USD,50,discount,,"{""timestamp"":""2023-11-22T00:08:39+01:00"",""shop"":{""id"":61,""name"":""Steam""},""deal"":{""price"":{""amount"":4.49,""amountInt"":449,""currency"":""USD""},""regular"":{""amount"":8.99,""amountInt"":899,""currency"":""USD""},""cut"":50}}"
1588760,Switchball HD,2024,42,2024-11-27T22:27:58+01:00,2024-11-27T21:27:58Z,61,Steam,object,2.6,260,USD,8.99,899,USD,71,discount,,"{""timestamp"":""2024-11-27T22:27:58+01:00"",""shop"":{""id"":61,""name"":""Steam""},""deal"":{""price"":{""amount"":2.6,""amountInt"":260,""currency"":""USD""},""regular"":{""amount"":8.99,""amountInt"":899,""currency"":""USD""},""cut"":71}}"
1655440,Themes of Dark and Light,2023,17,2023-11-21T22:09:12+01:00,2023-11-21T21:09:12Z,61,Steam,object,5.59,559,USD,6.99,699,USD,20,discount,,"{""timestamp"":""2023-11-21T22:09:12+01:00"",""shop"":{""id"":61,""name"":""Steam""},""deal"":{""price"":{""amount"":5.59,""amountInt"":559,""currency"":""USD""},""regular"":{""amount"":6.99,""amountInt"":699,""currency"":""USD""},""cut"":20}}"
1655440,Themes of Dark and Light,2025,5,2025-09-29T19:48:07+02:00,2025-09-29T17:48:07Z,61,Steam,object,3.49,349,USD,6.99,699,USD,50,discount,,"{""timestamp"":""2025-09-29T19:48:07+02:00"",""shop"":{""id"":61,""name"":""Steam""},""deal"":{""price"":{""amount"":3.49,""amountInt"":349,""currency"":""USD""},""regular"":{""amount"":6.99,""amountInt"":699,""currency"":""USD""},""cut"":50}}"
1708340,BlazingAngel Mistletear,2025,8,2025-10-01T14:38:24+02:00,2025-10-01T12:38:24Z,61,Steam,object,11.19,1119,USD,15.99,1599,USD,30,discount,,"{""timestamp"":""2025-10-01T14:38:24+02:00"",""shop"":{""id"":61,""name"":""Steam""},""deal"":{""price"":{""amount"":11.19,""amountInt"":1119,""currency"":""USD""},""regular"":{""amount"":15.99,""amountInt"":1599,""currency"":""USD""},""cut"":30}}"
1740720,Have a Nice Death,2024,30,2024-11-27T21:50:22+01:00,2024-11-27T20:50:22Z,61,Steam,object,12.49,1249,USD,24.99,2499,USD,50,discount,,"{""timestamp"":""2024-11-27T21:50:22+01:00"",""shop"":{""id"":61,""name"":""Steam""},""deal"":{""price"":{""amount"":12.49,""amountInt"":1249,""currency"":""USD""},""regular"":{""amount"":24.99,""amountInt"":2499,""currency"":""USD""},""cut"":50}}"
1740720,Have a Nice Death,2025,16,2025-09-29T22:23:38+02:00,2025-09-29T20:23:38Z,61,Steam,object,9.99,999,USD,24.99,2499,USD,60,discount,,"{""timestamp"":""2025-09-29T22:23:38+02:00"",""shop"":{""id"":61,""name"":""Steam""},""deal"":{""price"":{""amount"":9.99,""amountInt"":999,""currency"":""USD""},""regular"":{""amount"":24.99,""amountInt"":2499,""currency"":""USD""},""cut"":60}}"
1785150,Friends vs Friends,2023,68,2023-11-21T22:21:18+01:00,2023-11-21T21:21:18Z,61,Steam,object,4.99,499,USD,9.99,999,USD,50,discount,,"{""timestamp"":""2023-11-21T22:21:18+01:00"",""shop"":{""id"":61,""name"":""Steam""},""deal"":{""price"":{""amount"":4.99,""amountInt"":499,""currency"":""USD""},""regular"":{""amount"":9.99,""amountInt"":999,""currency"":""USD""},""cut"":50}}"
1785150,Friends vs Friends,2024,46,2024-11-27T22:03:02+01:00,2024-11-27T21:03:02Z,61,Steam,object,2.99,299,USD,9.99,999,USD,70,discount,,"{""timestamp"":""2024-11-27T22:03:02+01:00"",""shop"":{""id"":61,""name"":""Steam""},""deal"":{""price"":{""amount"":2.99,""amountInt"":299,""currency"":""USD""},""regular"":{""amount"":9.99,""amountInt"":999,""currency"":""USD""},""cut"":70}}"
1785150,Friends vs Friends,2025,24,2025-09-29T22:52:26+02:00,2025-09-29T20:52:26Z,61,Steam,object,2.49,249,USD,9.99,999,USD,75,discount,,"{""timestamp"":""2025-09-29T22:52:26+02:00"",""shop"":{""id"":61,""name"":""Steam""},""deal"":{""price"":{""amount"":2.49,""amountInt"":249,""currency"":""USD""},""regular"":{""amount"":9.99,""amountInt"":999,""currency"":""USD""},""cut"":75}}"
1836120,QUICKERFLAK,2024,29,2024-11-27T22:01:43+01:00,2024-11-27T21:01:43Z,61,Steam,object,0.49,49,USD,0.99,99,USD,51,discount,,"{""timestamp"":""2024-11-27T22:01:43+01:00"",""shop"":{""id"":61,""name"":""Steam""},""deal"":{""price"":{""amount"":0.49,""amountInt"":49,""currency"":""USD""},""regular"":{""amount"":0.99,""amountInt"":99,""currency"":""USD""},""cut"":51}}"
1882420,Learn Programming: Python - Remake,2024,18,2024-11-27T20:28:56+01:00,2024-11-27T19:28:56Z,61,Steam,object,1.79,179,USD,2.99,299,USD,40,discount,,"{""timestamp"":""2024-11-27T20:28:56+01:00"",""shop"":{""id"":61,""name"":""Steam""},""deal"":{""price"":{""amount"":1.79,""amountInt"":179,""currency"":""USD""},""regular"":{""amount"":2.99,""amountInt"":299,""currency"":""USD""},""cut"":40}}"
1882420,Learn Programming: Python - Remake,2025,10,2025-09-29T21:36:15+02:00,2025-09-29T19:36:15Z,61,Steam,object,1.79,179,USD,2.99,299,USD,40,discount,,"{""timestamp"":""2025-09-29T21:36:15+02:00"",""shop"":{""id"":61,""name"":""Steam""},""deal"":{""price"":{""amount"":1.79,""amountInt"":179,""currency"":""USD""},""regular"":{""amount"":2.99,""amountInt"":299,""currency"":""USD""},""cut"":40}}"
2009420,Zaxterion: Space Frenzy!,2023,41,2023-11-21T22:34:21+01:00,2023-11-21T21:34:21Z,61,Steam,object,4.99,499,USD,9.99,999,USD,50,discount,,"{""timestamp"":""2023-11-21T22:34:21+01:00"",""shop"":{""id"":61,""name"":""Steam""},""deal"":{""price"":{""amount"":4.99,""amountInt"":499,""currency"":""USD""},""regular"":{""amount"":9.99,""amountInt"":999,""currency"":""USD""},""cut"":50}}"
2009420,Zaxterion: Space Frenzy!,2024,21,2024-11-27T22:36:33+01:00,2024-11-27T21:36:33Z,61,Steam,object,3.99,399,USD,9.99,999,USD,60,discount,,"{""timestamp"":""2024-11-27T22:36:33+01:00"",""shop"":{""id"":61,""name"":""Steam""},""deal"":{""price"":{""amount"":3.99,""amountInt"":399,""currency"":""USD""},""regular"":{""amount"":9.99,""amountInt"":999,""currency"":""USD""},""cut"":60}}"
2123430,BULLCRAP!,2024,5,2024-11-27T20:52:01+01:00,2024-11-27T19:52:01Z,61,Steam,object,3.59,359,USD,5.99,599,USD,40,discount,,"{""timestamp"":""2024-11-27T20:52:01+01:00"",""shop"":{""id"":61,""name"":""Steam""},""deal"":{""price"":{""amount"":3.59,""amountInt"":359,""currency"":""USD""},""regular"":{""amount"":5.99,""amountInt"":599,""currency"":""USD""},""cut"":40}}"
2205710,Hentai Beauty,2023,58,2023-11-21T23:56:43+01:00,2023-11-21T22:56:43Z,61,Steam,object,0.49,49,USD,0.99,99,USD,51,discount,,"{""timestamp"":""2023-11-21T23:56:43+01:00"",""shop"":{""id"":61,""name"":""Steam""},""deal"":{""price"":{""amount"":0.49,""amountInt"":49,""currency"":""USD""},""regular"":{""amount"":0.99,""amountInt"":99,""currency"":""USD""},""cut"":51}}"
2205710,Hentai Beauty,2024,38,2024-11-27T22:10:59+01:00,2024-11-27T21:10:59Z,61,Steam,object,0.49,49,USD,0.99,99,USD,51,discount,,"{""timestamp"":""2024-11-27T22:10:59+01:00"",""shop"":{""id"":61,""name"":""Steam""},""deal"":{""price"":{""amount"":0.49,""amountInt"":49,""currency"":""USD""},""regular"":{""amount"":0.99,""amountInt"":99,""currency"":""USD""},""cut"":51}}"
2205710,Hentai Beauty,2025,21,2025-09-30T19:15:31+02:00,2025-09-30T17:15:31Z,61,Steam,object,0.99,99,USD,0.99,99,USD,0,full_price,,"{""timestamp"":""2025-09-30T19:15:31+02:00"",""shop"":{""id"":61,""name"":""Steam""},""deal"":{""price"":{""amount"":0.99,""amountInt"":99,""currency"":""USD""},""regular"":{""amount"":0.99,""amountInt"":99,""currency"":""USD""},""cut"":0}}"
2265760,Chosun Zombie Defense,2024,17,2024-11-27T20:11:14+01:00,2024-11-27T19:11:14Z,61,Steam,object,13.29,1329,USD,18.99,1899,USD,30,discount,,"{""timestamp"":""2024-11-27T20:11:14+01:00"",""shop"":{""id"":61,""name"":""Steam""},""deal"":{""price"":{""amount"":13.29,""amountInt"":1329,""currency"":""USD""},""regular"":{""amount"":18.99,""amountInt"":1899,""currency"":""USD""},""cut"":30}}"
2265760,Chosun Zombie Defense,2025,7,2025-09-29T21:35:00+02:00,2025-09-29T19:35:00Z,61,Steam,object,13.29,1329,USD,18.99,1899,USD,30,discount,,"{""timestamp"":""2025-09-29T21:35:00+02:00"",""shop"":{""id"":61,""name"":""Steam""},""deal"":{""price"":{""amount"":13.29,""amountInt"":1329,""currency"":""USD""},""regular"":{""amount"":18.99,""amountInt"":1899,""currency"":""USD""},""cut"":30}}"
2268470,HOPE LEFT ME,2023,0,2023-11-25T19:24:20+01:00,2023-11-25T18:24:20Z,61,Steam,object,1.99,199,USD,1.99,199,USD,0,full_price,,"{""timestamp"":""2023-11-25T19:24:20+01:00"",""shop"":{""id"":61,""name"":""Steam""},""deal"":{""price"":{""amount"":1.99,""amountInt"":199,""currency"":""USD""},""regular"":{""amount"":1.99,""amountInt"":199,""currency"":""USD""},""cut"":0}}"
2270520,No Way Out,2023,44,2023-11-21T22:46:15+01:00,2023-11-21T21:46:15Z,61,Steam,object,3.24,324,USD,4.99,499,USD,35,discount,,"{""timestamp"":""2023-11-21T22:46:15+01:00"",""shop"":{""id"":61,""name"":""Steam""},""deal"":{""price"":{""amount"":3.24,""amountInt"":324,""currency"":""USD""},""regular"":{""amount"":4.99,""amountInt"":499,""currency"":""USD""},""cut"":35}}"
2270520,No Way Out,2024,22,2024-11-27T22:11:51+01:00,2024-11-27T21:11:51Z,61,Steam,object,1.99,199,USD,4.99,499,USD,60,discount,,"{""timestamp"":""2024-11-27T22:11:51+01:00"",""shop"":{""id"":61,""name"":""Steam""},""deal"":{""price"":{""amount"":1.99,""amountInt"":199,""currency"":""USD""},""regular"":{""amount"":4.99,""amountInt"":499,""currency"":""USD""},""cut"":60}}"
2270520,No Way Out,2025,12,2025-09-29T22:36:36+02:00,2025-09-29T20:36:36Z,61,Steam,object,1.99,199,USD,4.99,499,USD,60,discount,,"{""timestamp"":""2025-09-29T22:36:36+02:00"",""shop"":{""id"":61,""name"":""Steam""},""deal"":{""price"":{""amount"":1.99,""amountInt"":199,""currency"":""USD""},""regular"":{""amount"":4.99,""amountInt"":499,""currency"":""USD""},""cut"":60}}"
2312170,pWordle,2023,26,2023-11-27T06:19:58+01:00,2023-11-27T05:19:58Z,61,Steam,object,1.79,179,USD,2.99,299,USD,40,discount,,"{""timestamp"":""2023-11-27T06:19:58+01:00"",""shop"":{""id"":61,""name"":""Steam""},""deal"":{""price"":{""amount"":1.79,""amountInt"":179,""currency"":""USD""},""regular"":{""amount"":2.99,""amountInt"":299,""currency"":""USD""},""cut"":40}}"
2312170,pWordle,2024,16,2024-11-27T21:09:11+01:00,2024-11-27T20:09:11Z,61,Steam,object,0.89,89,USD,2.99,299,USD,70,discount,,"{""timestamp"":""2024-11-27T21:09:11+01:00"",""shop"":{""id"":61,""name"":""Steam""},""deal"":{""price"":{""amount"":0.89,""amountInt"":89,""currency"":""USD""},""regular"":{""amount"":2.99,""amountInt"":299,""currency"":""USD""},""cut"":70}}"
2312170,pWordle,2025,8,2025-09-29T22:02:19+02:00,2025-09-29T20:02:19Z,61,Steam,object,0.59,59,USD,2.99,299,USD,80,discount,,"{""timestamp"":""2025-09-29T22:02:19+02:00"",""shop"":{""id"":61,""name"":""Steam""},""deal"":{""price"":{""amount"":0.59,""amountInt"":59,""currency"":""USD""},""regular"":{""amount"":2.99,""amountInt"":299,""currency"":""USD""},""cut"":80}}"
2314050,Waifu Space Conquest,2023,50,2023-11-22T10:38:17+01:00,2023-11-22T09:38:17Z,61,Steam,object,2.49,249,USD,4.99,499,USD,50,discount,,"{""timestamp"":""2023-11-22T10:38:17+01:00"",""shop"":{""id"":61,""name"":""Steam""},""deal"":{""price"":{""amount"":2.49,""amountInt"":249,""currency"":""USD""},""regular"":{""amount"":4.99,""amountInt"":499,""currency"":""USD""},""cut"":50}}"
2314050,Waifu Space Conquest,2024,36,2024-11-27T21:32:56+01:00,2024-11-27T20:32:56Z,61,Steam,object,2.49,249,USD,4.99,499,USD,50,discount,,"{""timestamp"":""2024-11-27T21:32:56+01:00"",""shop"":{""id"":61,""name"":""Steam""},""deal"":{""price"":{""amount"":2.49,""amountInt"":249,""currency"":""USD""},""regular"":{""amount"":4.99,""amountInt"":499,""currency"":""USD""},""cut"":50}}"
2314050,Waifu Space Conquest,2025,20,2025-09-29T22:52:44+02:00,2025-09-29T20:52:44Z,61,Steam,object,2.49,249,USD,4.99,499,USD,50,discount,,"{""timestamp"":""2025-09-29T22:52:44+02:00"",""shop"":{""id"":61,""name"":""Steam""},""deal"":{""price"":{""amount"":2.49,""amountInt"":249,""currency"":""USD""},""regular"":{""amount"":4.99,""amountInt"":499,""currency"":""USD""},""cut"":50}}"
2383710,Caveman Ransom,2024,44,2024-11-27T21:49:57+01:00,2024-11-27T20:49:57Z,61,Steam,object,0.99,99,USD,4.99,499,USD,80,discount,,"{""timestamp"":""2024-11-27T21:49:57+01:00"",""shop"":{""id"":61,""name"":""Steam""},""deal"":{""price"":{""amount"":0.99,""amountInt"":99,""currency"":""USD""},""regular"":{""amount"":4.99,""amountInt"":499,""currency"":""USD""},""cut"":80}}"
2383710,Caveman Ransom,2025,22,2025-09-29T22:35:55+02:00,2025-09-29T20:35:55Z,61,Steam,object,0.69,69,USD,4.99,499,USD,86,discount,,"{""timestamp"":""2025-09-29T22:35:55+02:00"",""shop"":{""id"":61,""name"":""Steam""},""deal"":{""price"":{""amount"":0.69,""amountInt"":69,""currency"":""USD""},""regular"":{""amount"":4.99,""amountInt"":499,""currency"":""USD""},""cut"":86}}"
2387820,Beach Gas Gas,2023,64,2023-11-21T22:52:54+01:00,2023-11-21T21:52:54Z,61,Steam,object,9.99,999,USD,99.99,9999,USD,90,discount,,"{""timestamp"":""2023-11-21T22:52:54+01:00"",""shop"":{""id"":61,""name"":""Steam""},""deal"":{""price"":{""amount"":9.99,""amountInt"":999,""currency"":""USD""},""regular"":{""amount"":99.99,""amountInt"":9999,""currency"":""USD""},""cut"":90}}"
2387820,Beach Gas Gas,2024,44,2024-11-27T21:22:39+01:00,2024-11-27T20:22:39Z,61,Steam,object,4.99,499,USD,99.99,9999,USD,95,discount,,"{""timestamp"":""2024-11-27T21:22:39+01:00"",""shop"":{""id"":61,""name"":""Steam""},""deal"":{""price"":{""amount"":4.99,""amountInt"":499,""currency"":""USD""},""regular"":{""amount"":99.99,""amountInt"":9999,""currency"":""USD""},""cut"":95}}"
2387820,Beach Gas Gas,2025,24,2025-09-29T22:35:20+02:00,2025-09-29T20:35:20Z,61,Steam,object,4.99,499,USD,99.99,9999,USD,95,discount,,"{""timestamp"":""2025-09-29T22:35:20+02:00"",""shop"":{""id"":61,""name"":""Steam""},""deal"":{""price"":{""amount"":4.99,""amountInt"":499,""currency"":""USD""},""regular"":{""amount"":99.99,""amountInt"":9999,""currency"":""USD""},""cut"":95}}"
2490910,富甲天下5,2023,52,2023-11-21T22:56:23+01:00,2023-11-21T21:56:23Z,61,Steam,object,5.59,559,USD,7.99,799,USD,30,discount,,"{""timestamp"":""2023-11-21T22:56:23+01:00"",""shop"":{""id"":61,""name"":""Steam""},""deal"":{""price"":{""amount"":5.59,""amountInt"":559,""currency"":""USD""},""regular"":{""amount"":7.99,""amountInt"":799,""currency"":""USD""},""cut"":30}}"
2490910,富甲天下5,2024,32,2024-11-27T22:19:12+01:00,2024-11-27T21:19:12Z,61,Steam,object,5.59,559,USD,7.99,799,USD,30,discount,,"{""timestamp"":""2024-11-27T22:19:12+01:00"",""shop"":{""id"":61,""name"":""Steam""},""deal"":{""price"":{""amount"":5.59,""amountInt"":559,""currency"":""USD""},""regular"":{""amount"":7.99,""amountInt"":799,""currency"":""USD""},""cut"":30}}"
2490910,富甲天下5,2025,18,2025-09-29T19:35:28+02:00,2025-09-29T17:35:28Z,61,Steam,object,5.75,575,USD,7.99,799,USD,28,discount,,"{""timestamp"":""2025-09-29T19:35:28+02:00"",""shop"":{""id"":61,""name"":""Steam""},""deal"":{""price"":{""amount"":5.75,""amountInt"":575,""currency"":""USD""},""regular"":{""amount"":7.99,""amountInt"":799,""currency"":""USD""},""cut"":28}}"
2544720,Workplace Fantasy,2023,68,2023-11-21T19:03:25+01:00,2023-11-21T18:03:25Z,61,Steam,object,11.99,1199,USD,14.99,1499,USD,20,discount,,"{""timestamp"":""2023-11-21T19:03:25+01:00"",""shop"":{""id"":61,""name"":""Steam""},""deal"":{""price"":{""amount"":11.99,""amountInt"":1199,""currency"":""USD""},""regular"":{""amount"":14.99,""amountInt"":1499,""currency"":""USD""},""cut"":20}}"
2544720,Workplace Fantasy,2024,45,2024-11-27T22:02:18+01:00,2024-11-27T21:02:18Z,61,Steam,object,8.39,839,USD,13.99,1399,USD,40,discount,,"{""timestamp"":""2024-11-27T22:02:18+01:00"",""shop"":{""id"":61,""name"":""Steam""},""deal"":{""price"":{""amount"":8.39,""amountInt"":839,""currency"":""USD""},""regular"":{""amount"":13.99,""amountInt"":1399,""currency"":""USD""},""cut"":40}}"
2544720,Workplace Fantasy,2025,24,2025-09-29T22:29:25+02:00,2025-09-29T20:29:25Z,61,Steam,object,5.49,549,USD,9.99,999,USD,45,discount,,"{""timestamp"":""2025-09-29T22:29:25+02:00"",""shop"":{""id"":61,""name"":""Steam""},""deal"":{""price"":{""amount"":5.49,""amountInt"":549,""currency"":""USD""},""regular"":{""amount"":9.99,""amountInt"":999,""currency"":""USD""},""cut"":45}}"
2621900,Railway Islands 2 - Puzzle,2024,39,2024-11-27T21:49:31+01:00,2024-11-27T20:49:31Z,61,Steam,object,0.69,69,USD,4.99,499,USD,86,discount,,"{""timestamp"":""2024-11-27T21:49:31+01:00"",""shop"":{""id"":61,""name"":""Steam""},""deal"":{""price"":{""amount"":0.69,""amountInt"":69,""currency"":""USD""},""regular"":{""amount"":4.99,""amountInt"":499,""currency"":""USD""},""cut"":86}}"
2621900,Railway Islands 2 - Puzzle,2025,20,2025-09-29T23:02:25+02:00,2025-09-29T21:02:25Z,61,Steam,object,0.69,69,USD,4.99,499,USD,86,discount,,"{""timestamp"":""2025-09-29T23:02:25+02:00"",""shop"":{""id"":61,""name"":""Steam""},""deal"":{""price"":{""amount"":0.69,""amountInt"":69,""currency"":""USD""},""regular"":{""amount"":4.99,""amountInt"":499,""currency"":""USD""},""cut"":86}}"
2650840,nekowater,2023,54,2023-11-21T23:39:17+01:00,2023-11-21T22:39:17Z,61,Steam,object,2.99,299,USD,2.99,299,USD,0,full_price,,"{""timestamp"":""2023-11-21T23:39:17+01:00"",""shop"":{""id"":61,""name"":""Steam""},""deal"":{""price"":{""amount"":2.99,""amountInt"":299,""currency"":""USD""},""regular"":{""amount"":2.99,""amountInt"":299,""currency"":""USD""},""cut"":0}}"
