attempt_id,appid,sale_year,source_id,source_url,access_date,retrieval_status,source_page_accessible,historical_price_observation_available,observation_timestamp_utc,observed_price,regular_price,discount_percent,currency,region,steam_store_explicit,purchase_scope,coverage_kind,coverage_start_utc,coverage_end_utc,supports_discount_occurrence,supports_full_sale_absence,contradicts_itad,independently_verifiable_observation,observed_fact,diagnostic_interpretation,limitations,reuse_of_attempt_id,name,evidence_category,evidence_inside_sale,verification_result
R01,8930,2023,steam_news,https://steamcommunity.com/app/8930/allnews/,2026-10-11,RETRIEVED_NO_TARGET_PRICE,True,False,,,,,,,,,none,,,False,False,NOT_ASSESSABLE,False,Retrieved feed did not expose the requested historical year; unrelated current content excluded.,NOT_VERIFIABLE: no retrieved event-specific store-price evidence; no outcome inference.,Research-tool retrieval/extract is not exhaustive; source absence not established.,,Sid Meier's Civilization® V,D,,NOT_VERIFIABLE
R02,9730,2023,steam_news,https://steamcommunity.com/app/9730/allnews/,2026-10-11,ACCESS_FAILED,False,False,,,,,,,,,none,,,False,False,NOT_ASSESSABLE,False,Public feed request failed through web tool; HTTP cause not established.,NOT_VERIFIABLE: no retrieved event-specific store-price evidence; no outcome inference.,Research-tool retrieval/extract is not exhaustive; source absence not established.,,Tycoon City: New York,A,,NOT_VERIFIABLE
R03,115320,2023,steam_news,https://steamcommunity.com/app/115320/allnews/,2026-10-11,ACCESS_FAILED,False,False,,,,,,,,,none,,,False,False,NOT_ASSESSABLE,False,Public feed request failed through web tool; HTTP cause not established.,NOT_VERIFIABLE: no retrieved event-specific store-price evidence; no outcome inference.,Research-tool retrieval/extract is not exhaustive; source absence not established.,,Prototype 2,A,,NOT_VERIFIABLE
R04,234490,2023,steam_news,https://steamcommunity.com/app/234490/allnews/,2026-10-11,RETRIEVED_NO_TARGET_PRICE,True,False,,,,,,,,,none,,,False,False,NOT_ASSESSABLE,False,Retrieved announcements predate the requested sale year; no target-window price observation.,NOT_VERIFIABLE: no retrieved event-specific store-price evidence; no outcome inference.,Research-tool retrieval/extract is not exhaustive; source absence not established.,,Rush Bros.,A,,NOT_VERIFIABLE
R05,1740720,2023,steam_news,https://steamcommunity.com/app/1740720/allnews/,2026-10-11,RETRIEVED_NO_TARGET_PRICE,True,False,,,,,,,,,none,,,False,False,NOT_ASSESSABLE,False,"A November 21, 2023 Steam Awards nomination announcement contains no price. Other-year or other-event promotions are excluded.",NOT_VERIFIABLE: no retrieved event-specific store-price evidence; no outcome inference.,Research-tool retrieval/extract is not exhaustive; source absence not established.,,Have a Nice Death,D,,NOT_VERIFIABLE
R06,1894600,2023,steam_news,https://steamcommunity.com/app/1894600/allnews/,2026-10-11,ACCESS_FAILED,False,False,,,,,,,,,none,,,False,False,NOT_ASSESSABLE,False,Public feed request failed through web tool; HTTP cause not established.,NOT_VERIFIABLE: no retrieved event-specific store-price evidence; no outcome inference.,Research-tool retrieval/extract is not exhaustive; source absence not established.,,Monster,D,,NOT_VERIFIABLE
R07,2268470,2023,steam_news,https://steamcommunity.com/app/2268470/allnews/,2026-10-11,ACCESS_FAILED,False,False,,,,,,,,,none,,,False,False,NOT_ASSESSABLE,False,Public feed request failed through web tool; HTTP cause not established.,NOT_VERIFIABLE: no retrieved event-specific store-price evidence; no outcome inference.,Research-tool retrieval/extract is not exhaustive; source absence not established.,,HOPE LEFT ME,B,,NOT_VERIFIABLE
R08,2621900,2023,steam_news,https://steamcommunity.com/app/2621900/allnews/,2026-10-11,RETRIEVED_NO_TARGET_PRICE,True,False,,,,,,,,,none,,,False,False,NOT_ASSESSABLE,False,Retrieved feed did not expose the requested 2023 price history.,NOT_VERIFIABLE: no retrieved event-specific store-price evidence; no outcome inference.,Research-tool retrieval/extract is not exhaustive; source absence not established.,,Railway Islands 2 - Puzzle,D,,NOT_VERIFIABLE
R09,2650840,2023,steam_news,https://steamcommunity.com/app/2650840/allnews/,2026-10-11,ACCESS_FAILED,False,False,,,,,,,,,none,,,False,False,NOT_ASSESSABLE,False,Public feed request failed through web tool; HTTP cause not established.,NOT_VERIFIABLE: no retrieved event-specific store-price evidence; no outcome inference.,Research-tool retrieval/extract is not exhaustive; source absence not established.,,nekowater,B,,NOT_VERIFIABLE
R10,7830,2024,steam_news,https://steamcommunity.com/app/7830/allnews/,2026-10-11,RETRIEVED_NO_TARGET_PRICE,True,False,,,,,,,,,none,,,False,False,NOT_ASSESSABLE,False,Retrieved feed did not expose price observations for the requested 2024 or 2025 event.,NOT_VERIFIABLE: no retrieved event-specific store-price evidence; no outcome inference.,Research-tool retrieval/extract is not exhaustive; source absence not established.,,Men of War™,D,,NOT_VERIFIABLE
R11,202410,2024,steam_news,https://steamcommunity.com/app/202410/allnews/,2026-10-11,ACCESS_FAILED,False,False,,,,,,,,,none,,,False,False,NOT_ASSESSABLE,False,Public feed request failed through web tool; HTTP cause not established.,NOT_VERIFIABLE: no retrieved event-specific store-price evidence; no outcome inference.,Research-tool retrieval/extract is not exhaustive; source absence not established.,,Scoregasm,D,,NOT_VERIFIABLE
R12,303680,2024,steam_news,https://steamcommunity.com/app/303680/allnews/,2026-10-11,RETRIEVED_NO_TARGET_PRICE,True,False,,,,,,,,,none,,,False,False,NOT_ASSESSABLE,False,Retrieved posts concern later dates than the requested 2024 sale; later Autumn announcements do not establish the 2024 outcome.,NOT_VERIFIABLE: no retrieved event-specific store-price evidence; no outcome inference.,Research-tool retrieval/extract is not exhaustive; source absence not established.,,FATE: The Traitor Soul,D,,NOT_VERIFIABLE
R13,7830,2025,steam_news,https://steamcommunity.com/app/7830/allnews/,2026-10-11,RETRIEVED_NO_TARGET_PRICE,True,False,,,,,,,,,none,,,False,False,NOT_ASSESSABLE,False,Retrieved feed did not expose price observations for the requested 2024 or 2025 event.,NOT_VERIFIABLE: no retrieved event-specific store-price evidence; no outcome inference.,Research-tool retrieval/extract is not exhaustive; source absence not established.,R10,Men of War™,A,,NOT_VERIFIABLE
R14,219200,2025,steam_news,https://steamcommunity.com/app/219200/allnews/,2026-10-11,ACCESS_FAILED,False,False,,,,,,,,,none,,,False,False,NOT_ASSESSABLE,False,Public feed request failed through web tool; HTTP cause not established.,NOT_VERIFIABLE: no retrieved event-specific store-price evidence; no outcome inference.,Research-tool retrieval/extract is not exhaustive; source absence not established.,,Droid Assault,D,,NOT_VERIFIABLE
R15,314300,2025,steam_news,https://steamcommunity.com/app/314300/allnews/,2026-10-11,ACCESS_FAILED,False,False,,,,,,,,,none,,,False,False,NOT_ASSESSABLE,False,Public feed request failed through web tool; HTTP cause not established.,NOT_VERIFIABLE: no retrieved event-specific store-price evidence; no outcome inference.,Research-tool retrieval/extract is not exhaustive; source absence not established.,,CubeZ,D,,NOT_VERIFIABLE
R16,1158850,2025,steam_news,https://steamcommunity.com/app/1158850/allnews/,2026-10-11,RETRIEVED_NO_TARGET_PRICE,True,False,,,,,,,,,none,,,False,False,NOT_ASSESSABLE,False,Retrieved feed did not expose the requested 2025 event price history.,NOT_VERIFIABLE: no retrieved event-specific store-price evidence; no outcome inference.,Research-tool retrieval/extract is not exhaustive; source absence not established.,,The Great Ace Attorney Chronicles,D,,NOT_VERIFIABLE
R17,1836120,2025,steam_news,https://steamcommunity.com/app/1836120/allnews/,2026-10-11,ACCESS_FAILED,False,False,,,,,,,,,none,,,False,False,NOT_ASSESSABLE,False,Public feed request failed through web tool; HTTP cause not established.,NOT_VERIFIABLE: no retrieved event-specific store-price evidence; no outcome inference.,Research-tool retrieval/extract is not exhaustive; source absence not established.,,QUICKERFLAK,D,,NOT_VERIFIABLE
R18,2205710,2025,steam_news,https://steamcommunity.com/app/2205710/allnews/,2026-10-11,ACCESS_FAILED,False,False,,,,,,,,,none,,,False,False,NOT_ASSESSABLE,False,Public feed request failed through web tool; HTTP cause not established.,NOT_VERIFIABLE: no retrieved event-specific store-price evidence; no outcome inference.,Research-tool retrieval/extract is not exhaustive; source absence not established.,,Hentai Beauty,B,,NOT_VERIFIABLE
R19,219200,2025,wayback,https://web.archive.org/cdx/search/cdx?url=store.steampowered.com%2Fapp%2F219200%2F*&from=20250929&to=20251006&output=json&filter=statuscode%3A200&limit=20,2026-10-11,ACCESS_FAILED,False,False,,,,,,,,,none,,,False,False,NOT_ASSESSABLE,False,Documented CDX lookup failed; no index result or capture payload was obtained.,NOT_VERIFIABLE: no retrieved event-specific store-price evidence; no outcome inference.,Archive verification component stopped after this failed probe. Other selected pairs were not individually queried; no empty-index claim.,,Droid Assault,D,,NOT_VERIFIABLE
R20,1740720,2023,steam_news,https://api.steampowered.com/ISteamNews/GetNewsForApp/v2/?appid=1740720&count=100&maxlength=0&enddate=1701216000,2026-10-11,ACCESS_FAILED,False,False,,,,,,,,,none,,,False,False,NOT_ASSESSABLE,False,One documented public news API probe failed through the research tool. This is not a price/history API.,NOT_VERIFIABLE: no retrieved event-specific store-price evidence; no outcome inference.,Research-tool retrieval/extract is not exhaustive; source absence not established.,,Have a Nice Death,D,,NOT_VERIFIABLE
R21,1740720,2023,steambase,https://steambase.io/games/have-a-nice-death/price,2026-10-11,RETRIEVED_NO_TARGET_PRICE,True,False,,,,,,,,,none,,,False,False,NOT_ASSESSABLE,False,Public rendered table did not expose the selected 2023 event; no exact historical observation was retrieved.,NOT_VERIFIABLE: no retrieved event-specific store-price evidence; no outcome inference.,No chart payload/export fetched or automated price collection. Reuse consent and completeness unestablished.,,Have a Nice Death,D,,NOT_VERIFIABLE
