appid,sale_year,evidence_category,pu_status,label_rule_version
7830,2023,D,unlabeled,operational_observed_v1
7830,2024,D,unlabeled,operational_observed_v1
7830,2025,A,positive,operational_observed_v1
8930,2023,D,unlabeled,operational_observed_v1
8930,2024,D,unlabeled,operational_observed_v1
8930,2025,D,unlabeled,operational_observed_v1
9730,2023,A,positive,operational_observed_v1
9730,2024,A,positive,operational_observed_v1
9730,2025,A,positive,operational_observed_v1
15170,2023,A,positive,operational_observed_v1
15170,2024,A,positive,operational_observed_v1
15170,2025,A,positive,operational_observed_v1
20710,2023,A,positive,operational_observed_v1
20710,2024,D,unlabeled,operational_observed_v1
20710,2025,A,positive,operational_observed_v1
38210,2023,A,positive,operational_observed_v1
38210,2024,A,positive,operational_observed_v1
38210,2025,A,positive,operational_observed_v1
61600,2023,A,positive,operational_observed_v1
61600,2024,A,positive,operational_observed_v1
61600,2025,A,positive,operational_observed_v1
115320,2023,A,positive,operational_observed_v1
115320,2024,A,positive,operational_observed_v1
115320,2025,A,positive,operational_observed_v1
202410,2023,D,unlabeled,operational_observed_v1
202410,2024,D,unlabeled,operational_observed_v1
202410,2025,D,unlabeled,operational_observed_v1
213670,2023,A,positive,operational_observed_v1
213670,2024,A,positive,operational_observed_v1
213670,2025,A,positive,operational_observed_v1
218740,2023,A,positive,operational_observed_v1
218740,2024,A,positive,operational_observed_v1
218740,2025,A,positive,operational_observed_v1
219200,2023,A,positive,operational_observed_v1
219200,2024,A,positive,operational_observed_v1
219200,2025,D,unlabeled,operational_observed_v1
228320,2023,D,unlabeled,operational_observed_v1
228320,2024,D,unlabeled,operational_observed_v1
228320,2025,D,unlabeled,operational_observed_v1
234490,2023,A,positive,operational_observed_v1
234490,2024,A,positive,operational_observed_v1
234490,2025,A,positive,operational_observed_v1
242960,2023,A,positive,operational_observed_v1
242960,2024,D,unlabeled,operational_observed_v1
242960,2025,A,positive,operational_observed_v1
252490,2023,A,positive,operational_observed_v1
252490,2024,A,positive,operational_observed_v1
252490,2025,A,positive,operational_observed_v1
262470,2023,A,positive,operational_observed_v1
262470,2024,A,positive,operational_observed_v1
262470,2025,D,unlabeled,operational_observed_v1
270880,2023,A,positive,operational_observed_v1
270880,2024,A,positive,operational_observed_v1
270880,2025,A,positive,operational_observed_v1
282010,2023,D,unlabeled,operational_observed_v1
282010,2024,D,unlabeled,operational_observed_v1
282010,2025,D,unlabeled,operational_observed_v1
292400,2023,A,positive,operational_observed_v1
292400,2024,A,positive,operational_observed_v1
292400,2025,A,positive,operational_observed_v1
303680,2023,D,unlabeled,operational_observed_v1
303680,2024,D,unlabeled,operational_observed_v1
303680,2025,A,positive,operational_observed_v1
312520,2023,A,positive,operational_observed_v1
312520,2024,A,positive,operational_observed_v1
312520,2025,A,positive,operational_observed_v1
314300,2023,D,unlabeled,operational_observed_v1
314300,2024,D,unlabeled,operational_observed_v1
314300,2025,D,unlabeled,operational_observed_v1
331200,2023,A,positive,operational_observed_v1
331200,2024,A,positive,operational_observed_v1
331200,2025,A,positive,operational_observed_v1
360430,2023,A,positive,operational_observed_v1
360430,2024,A,positive,operational_observed_v1
360430,2025,A,positive,operational_observed_v1
363890,2023,A,positive,operational_observed_v1
363890,2024,A,positive,operational_observed_v1
363890,2025,A,positive,operational_observed_v1
371450,2023,D,unlabeled,operational_observed_v1
371450,2024,D,unlabeled,operational_observed_v1
371450,2025,D,unlabeled,operational_observed_v1
397310,2023,A,positive,operational_observed_v1
397310,2024,A,positive,operational_observed_v1
397310,2025,A,positive,operational_observed_v1
418030,2023,A,positive,operational_observed_v1
418030,2024,A,positive,operational_observed_v1
418030,2025,A,positive,operational_observed_v1
445220,2023,A,positive,operational_observed_v1
445220,2024,A,positive,operational_observed_v1
445220,2025,A,positive,operational_observed_v1
449310,2023,D,unlabeled,operational_observed_v1
449310,2024,D,unlabeled,operational_observed_v1
449310,2025,D,unlabeled,operational_observed_v1
451950,2023,D,unlabeled,operational_observed_v1
451950,2024,D,unlabeled,operational_observed_v1
451950,2025,D,unlabeled,operational_observed_v1
528950,2023,A,positive,operational_observed_v1
528950,2024,A,positive,operational_observed_v1
528950,2025,A,positive,operational_observed_v1
536220,2023,A,positive,operational_observed_v1
536220,2024,A,positive,operational_observed_v1
536220,2025,A,positive,operational_observed_v1
582660,2023,A,positive,operational_observed_v1
582660,2024,A,positive,operational_observed_v1
582660,2025,A,positive,operational_observed_v1
595140,2023,D,unlabeled,operational_observed_v1
595140,2024,A,positive,operational_observed_v1
595140,2025,A,positive,operational_observed_v1
603210,2023,D,unlabeled,operational_observed_v1
603210,2024,D,unlabeled,operational_observed_v1
603210,2025,D,unlabeled,operational_observed_v1
646350,2023,D,unlabeled,operational_observed_v1
646350,2024,D,unlabeled,operational_observed_v1
646350,2025,D,unlabeled,operational_observed_v1
666120,2023,D,unlabeled,operational_observed_v1
666120,2024,D,unlabeled,operational_observed_v1
666120,2025,D,unlabeled,operational_observed_v1
700600,2023,A,positive,operational_observed_v1
700600,2024,A,positive,operational_observed_v1
700600,2025,A,positive,operational_observed_v1
708430,2023,A,positive,operational_observed_v1
708430,2024,A,positive,operational_observed_v1
708430,2025,A,positive,operational_observed_v1
745880,2023,D,unlabeled,operational_observed_v1
745880,2024,D,unlabeled,operational_observed_v1
745880,2025,D,unlabeled,operational_observed_v1
757320,2023,A,positive,operational_observed_v1
757320,2024,A,positive,operational_observed_v1
757320,2025,A,positive,operational_observed_v1
791800,2023,D,unlabeled,operational_observed_v1
791800,2024,A,positive,operational_observed_v1
791800,2025,A,positive,operational_observed_v1
799600,2023,A,positive,operational_observed_v1
799600,2024,A,positive,operational_observed_v1
799600,2025,A,positive,operational_observed_v1
806140,2023,D,unlabeled,operational_observed_v1
806140,2024,D,unlabeled,operational_observed_v1
806140,2025,D,unlabeled,operational_observed_v1
809230,2023,A,positive,operational_observed_v1
809230,2024,A,positive,operational_observed_v1
809230,2025,A,positive,operational_observed_v1
821720,2023,D,unlabeled,operational_observed_v1
821720,2024,A,positive,operational_observed_v1
821720,2025,A,positive,operational_observed_v1
826420,2023,A,positive,operational_observed_v1
826420,2024,A,positive,operational_observed_v1
826420,2025,A,positive,operational_observed_v1
829590,2023,A,positive,operational_observed_v1
829590,2024,A,positive,operational_observed_v1
829590,2025,A,positive,operational_observed_v1
887920,2023,A,positive,operational_observed_v1
887920,2024,A,positive,operational_observed_v1
887920,2025,A,positive,operational_observed_v1
965590,2023,D,unlabeled,operational_observed_v1
965590,2024,A,positive,operational_observed_v1
965590,2025,A,positive,operational_observed_v1
966000,2023,D,unlabeled,operational_observed_v1
966000,2024,D,unlabeled,operational_observed_v1
966000,2025,D,unlabeled,operational_observed_v1
1005530,2023,D,unlabeled,operational_observed_v1
1005530,2024,D,unlabeled,operational_observed_v1
1005530,2025,D,unlabeled,operational_observed_v1
1023370,2023,D,unlabeled,operational_observed_v1
1023370,2024,D,unlabeled,operational_observed_v1
1023370,2025,D,unlabeled,operational_observed_v1
1063730,2023,D,unlabeled,operational_observed_v1
1063730,2024,D,unlabeled,operational_observed_v1
1063730,2025,D,unlabeled,operational_observed_v1
1083210,2023,A,positive,operational_observed_v1
1083210,2024,A,positive,operational_observed_v1
1083210,2025,A,positive,operational_observed_v1
1090250,2023,A,positive,operational_observed_v1
1090250,2024,D,unlabeled,operational_observed_v1
1090250,2025,A,positive,operational_observed_v1
1097370,2023,D,unlabeled,operational_observed_v1
1097370,2024,D,unlabeled,operational_observed_v1
1097370,2025,D,unlabeled,operational_observed_v1
1141280,2023,D,unlabeled,operational_observed_v1
1141280,2024,D,unlabeled,operational_observed_v1
1141280,2025,D,unlabeled,operational_observed_v1
1158850,2023,D,unlabeled,operational_observed_v1
1158850,2024,A,positive,operational_observed_v1
1158850,2025,D,unlabeled,operational_observed_v1
1200900,2023,D,unlabeled,operational_observed_v1
1200900,2024,D,unlabeled,operational_observed_v1
1200900,2025,D,unlabeled,operational_observed_v1
1239260,2023,A,positive,operational_observed_v1
1239260,2024,D,unlabeled,operational_observed_v1
1239260,2025,D,unlabeled,operational_observed_v1
1249680,2023,A,positive,operational_observed_v1
1249680,2024,A,positive,operational_observed_v1
1249680,2025,A,positive,operational_observed_v1
1257270,2023,A,positive,operational_observed_v1
1257270,2024,D,unlabeled,operational_observed_v1
1257270,2025,A,positive,operational_observed_v1
1271420,2023,D,unlabeled,operational_observed_v1
1271420,2024,D,unlabeled,operational_observed_v1
1271420,2025,D,unlabeled,operational_observed_v1
1338570,2023,D,unlabeled,operational_observed_v1
1338570,2024,D,unlabeled,operational_observed_v1
1338570,2025,D,unlabeled,operational_observed_v1
1373180,2023,A,positive,operational_observed_v1
1373180,2024,A,positive,operational_observed_v1
1373180,2025,D,unlabeled,operational_observed_v1
1413660,2023,A,positive,operational_observed_v1
1413660,2024,A,positive,operational_observed_v1
1413660,2025,A,positive,operational_observed_v1
1418360,2023,A,positive,operational_observed_v1
1418360,2024,A,positive,operational_observed_v1
1418360,2025,A,positive,operational_observed_v1
1465260,2023,A,positive,operational_observed_v1
1465260,2024,D,unlabeled,operational_observed_v1
1465260,2025,A,positive,operational_observed_v1
1532510,2023,A,positive,operational_observed_v1
1532510,2024,A,positive,operational_observed_v1
1532510,2025,A,positive,operational_observed_v1
1544810,2023,D,unlabeled,operational_observed_v1
1544810,2024,D,unlabeled,operational_observed_v1
1544810,2025,D,unlabeled,operational_observed_v1
1560770,2023,A,positive,operational_observed_v1
1560770,2024,A,positive,operational_observed_v1
1560770,2025,A,positive,operational_observed_v1
1575230,2023,D,unlabeled,operational_observed_v1
1575230,2024,D,unlabeled,operational_observed_v1
1575230,2025,D,unlabeled,operational_observed_v1
1588760,2023,A,positive,operational_observed_v1
1588760,2024,A,positive,operational_observed_v1
1588760,2025,D,unlabeled,operational_observed_v1
1655440,2023,A,positive,operational_observed_v1
1655440,2024,D,unlabeled,operational_observed_v1
1655440,2025,A,positive,operational_observed_v1
1708340,2023,D,unlabeled,operational_observed_v1
1708340,2024,D,unlabeled,operational_observed_v1
1708340,2025,A,positive,operational_observed_v1
1740720,2023,D,unlabeled,operational_observed_v1
1740720,2024,A,positive,operational_observed_v1
1740720,2025,A,positive,operational_observed_v1
1785150,2023,A,positive,operational_observed_v1
1785150,2024,A,positive,operational_observed_v1
1785150,2025,A,positive,operational_observed_v1
1836120,2023,D,unlabeled,operational_observed_v1
1836120,2024,A,positive,operational_observed_v1
1836120,2025,D,unlabeled,operational_observed_v1
1882420,2023,D,unlabeled,operational_observed_v1
1882420,2024,A,positive,operational_observed_v1
1882420,2025,A,positive,operational_observed_v1
1894600,2023,D,unlabeled,operational_observed_v1
1894600,2024,D,unlabeled,operational_observed_v1
1894600,2025,D,unlabeled,operational_observed_v1
2009420,2023,A,positive,operational_observed_v1
2009420,2024,A,positive,operational_observed_v1
2009420,2025,D,unlabeled,operational_observed_v1
2062610,2023,D,unlabeled,operational_observed_v1
2062610,2024,D,unlabeled,operational_observed_v1
2062610,2025,D,unlabeled,operational_observed_v1
2123430,2023,D,unlabeled,operational_observed_v1
2123430,2024,A,positive,operational_observed_v1
2123430,2025,D,unlabeled,operational_observed_v1
2164880,2023,D,unlabeled,operational_observed_v1
2164880,2024,D,unlabeled,operational_observed_v1
2164880,2025,D,unlabeled,operational_observed_v1
2205710,2023,A,positive,operational_observed_v1
2205710,2024,A,positive,operational_observed_v1
2205710,2025,B,unlabeled,operational_observed_v1
2265760,2023,D,unlabeled,operational_observed_v1
2265760,2024,A,positive,operational_observed_v1
2265760,2025,A,positive,operational_observed_v1
2268470,2023,B,unlabeled,operational_observed_v1
2268470,2024,D,unlabeled,operational_observed_v1
2268470,2025,D,unlabeled,operational_observed_v1
2270520,2023,A,positive,operational_observed_v1
2270520,2024,A,positive,operational_observed_v1
2270520,2025,A,positive,operational_observed_v1
2312170,2023,A,positive,operational_observed_v1
2312170,2024,A,positive,operational_observed_v1
2312170,2025,A,positive,operational_observed_v1
2314050,2023,A,positive,operational_observed_v1
2314050,2024,A,positive,operational_observed_v1
2314050,2025,A,positive,operational_observed_v1
2383710,2023,D,unlabeled,operational_observed_v1
2383710,2024,A,positive,operational_observed_v1
2383710,2025,A,positive,operational_observed_v1
2387820,2023,A,positive,operational_observed_v1
2387820,2024,A,positive,operational_observed_v1
2387820,2025,A,positive,operational_observed_v1
2490910,2023,A,positive,operational_observed_v1
2490910,2024,A,positive,operational_observed_v1
2490910,2025,A,positive,operational_observed_v1
2504210,2023,D,unlabeled,operational_observed_v1
2504210,2024,D,unlabeled,operational_observed_v1
2504210,2025,D,unlabeled,operational_observed_v1
2544720,2023,A,positive,operational_observed_v1
2544720,2024,A,positive,operational_observed_v1
2544720,2025,A,positive,operational_observed_v1
2621900,2023,D,unlabeled,operational_observed_v1
2621900,2024,A,positive,operational_observed_v1
2621900,2025,A,positive,operational_observed_v1
2650840,2023,B,unlabeled,operational_observed_v1
2650840,2024,D,unlabeled,operational_observed_v1
2650840,2025,D,unlabeled,operational_observed_v1
