scenario,pre_recency_limit_days,sale_year,evidence_category,pre_observed_state,stratum_pair_count,satisfying_recency_count,post_observation_exists_count,post_observation_missing_count,both_sides_within_limit_count,matching_pair_keys_json,post_full_price_count,post_discount_count,post_ambiguous_count,post_missing_count,post_gap_days_n,post_gap_days_missing,post_gap_days_min,post_gap_days_p10,post_gap_days_p25,post_gap_days_median,post_gap_days_mean,post_gap_days_p75,post_gap_days_p90,post_gap_days_p95,post_gap_days_max
pre_within_7_days,7,all,all_non_A,full_price,93,1,1,0,0,"[[""219200"",2025]]",0,1,0,0,1,0,73.05475694444445,73.05475694444445,73.05475694444445,73.05475694444445,73.05475694444445,73.05475694444445,73.05475694444445,73.05475694444445,73.05475694444445
pre_within_7_days,7,all,all_non_A,discount,22,7,6,1,6,"[[""7830"",2024],[""303680"",2023],[""1158850"",2025],[""1257270"",2024],[""2268470"",2023],[""2621900"",2023],[""2650840"",2024]]",6,0,0,1,6,1,0.009710648148148149,0.011059027777777779,0.015538194444444445,0.029149305555555553,0.20866512345679014,0.12691840277777777,0.585787037037037,0.7996296296296297,1.0134722222222223
pre_within_7_days,7,all,all_non_A,ambiguous,0,0,0,0,0,[],0,0,0,0,0,0,,,,,,,,,
pre_within_7_days,7,all,all_non_A,missing,10,0,0,0,0,[],0,0,0,0,0,0,,,,,,,,,
pre_within_7_days,7,all,B,full_price,0,0,0,0,0,[],0,0,0,0,0,0,,,,,,,,,
pre_within_7_days,7,all,B,discount,2,1,0,1,0,"[[""2268470"",2023]]",0,0,0,1,0,1,,,,,,,,,
pre_within_7_days,7,all,B,ambiguous,0,0,0,0,0,[],0,0,0,0,0,0,,,,,,,,,
pre_within_7_days,7,all,B,missing,1,0,0,0,0,[],0,0,0,0,0,0,,,,,,,,,
pre_within_7_days,7,all,C,full_price,0,0,0,0,0,[],0,0,0,0,0,0,,,,,,,,,
pre_within_7_days,7,all,C,discount,0,0,0,0,0,[],0,0,0,0,0,0,,,,,,,,,
pre_within_7_days,7,all,C,ambiguous,0,0,0,0,0,[],0,0,0,0,0,0,,,,,,,,,
pre_within_7_days,7,all,C,missing,0,0,0,0,0,[],0,0,0,0,0,0,,,,,,,,,
pre_within_7_days,7,all,D,full_price,93,1,1,0,0,"[[""219200"",2025]]",0,1,0,0,1,0,73.05475694444445,73.05475694444445,73.05475694444445,73.05475694444445,73.05475694444445,73.05475694444445,73.05475694444445,73.05475694444445,73.05475694444445
pre_within_7_days,7,all,D,discount,20,6,6,0,6,"[[""7830"",2024],[""303680"",2023],[""1158850"",2025],[""1257270"",2024],[""2621900"",2023],[""2650840"",2024]]",6,0,0,0,6,0,0.009710648148148149,0.011059027777777779,0.015538194444444445,0.029149305555555553,0.20866512345679014,0.12691840277777777,0.585787037037037,0.7996296296296297,1.0134722222222223
pre_within_7_days,7,all,D,ambiguous,0,0,0,0,0,[],0,0,0,0,0,0,,,,,,,,,
pre_within_7_days,7,all,D,missing,9,0,0,0,0,[],0,0,0,0,0,0,,,,,,,,,
pre_within_7_days,7,2023,all_non_A,full_price,32,0,0,0,0,[],0,0,0,0,0,0,,,,,,,,,
pre_within_7_days,7,2023,all_non_A,discount,9,3,2,1,2,"[[""303680"",2023],[""2268470"",2023],[""2621900"",2023]]",2,0,0,1,2,1,0.009710648148148149,0.02454976851851852,0.046808449074074075,0.08390625,0.08390625,0.12100405092592592,0.1432627314814815,0.15068229166666666,0.15810185185185185
pre_within_7_days,7,2023,all_non_A,ambiguous,0,0,0,0,0,[],0,0,0,0,0,0,,,,,,,,,
pre_within_7_days,7,2023,all_non_A,missing,4,0,0,0,0,[],0,0,0,0,0,0,,,,,,,,,
pre_within_7_days,7,2023,B,full_price,0,0,0,0,0,[],0,0,0,0,0,0,,,,,,,,,
pre_within_7_days,7,2023,B,discount,1,1,0,1,0,"[[""2268470"",2023]]",0,0,0,1,0,1,,,,,,,,,
pre_within_7_days,7,2023,B,ambiguous,0,0,0,0,0,[],0,0,0,0,0,0,,,,,,,,,
pre_within_7_days,7,2023,B,missing,1,0,0,0,0,[],0,0,0,0,0,0,,,,,,,,,
pre_within_7_days,7,2023,C,full_price,0,0,0,0,0,[],0,0,0,0,0,0,,,,,,,,,
pre_within_7_days,7,2023,C,discount,0,0,0,0,0,[],0,0,0,0,0,0,,,,,,,,,
pre_within_7_days,7,2023,C,ambiguous,0,0,0,0,0,[],0,0,0,0,0,0,,,,,,,,,
pre_within_7_days,7,2023,C,missing,0,0,0,0,0,[],0,0,0,0,0,0,,,,,,,,,
pre_within_7_days,7,2023,D,full_price,32,0,0,0,0,[],0,0,0,0,0,0,,,,,,,,,
pre_within_7_days,7,2023,D,discount,8,2,2,0,2,"[[""303680"",2023],[""2621900"",2023]]",2,0,0,0,2,0,0.009710648148148149,0.02454976851851852,0.046808449074074075,0.08390625,0.08390625,0.12100405092592592,0.1432627314814815,0.15068229166666666,0.15810185185185185
pre_within_7_days,7,2023,D,ambiguous,0,0,0,0,0,[],0,0,0,0,0,0,,,,,,,,,
pre_within_7_days,7,2023,D,missing,3,0,0,0,0,[],0,0,0,0,0,0,,,,,,,,,
pre_within_7_days,7,2024,all_non_A,full_price,31,0,0,0,0,[],0,0,0,0,0,0,,,,,,,,,
pre_within_7_days,7,2024,all_non_A,discount,6,3,3,0,3,"[[""7830"",2024],[""1257270"",2024],[""2650840"",2024]]",3,0,0,0,3,0,0.012407407407407407,0.014912037037037036,0.01866898148148148,0.024930555555555556,0.023568672839506172,0.029149305555555553,0.03168055555555555,0.03252430555555555,0.033368055555555554
pre_within_7_days,7,2024,all_non_A,ambiguous,0,0,0,0,0,[],0,0,0,0,0,0,,,,,,,,,
pre_within_7_days,7,2024,all_non_A,missing,3,0,0,0,0,[],0,0,0,0,0,0,,,,,,,,,
pre_within_7_days,7,2024,B,full_price,0,0,0,0,0,[],0,0,0,0,0,0,,,,,,,,,
pre_within_7_days,7,2024,B,discount,0,0,0,0,0,[],0,0,0,0,0,0,,,,,,,,,
pre_within_7_days,7,2024,B,ambiguous,0,0,0,0,0,[],0,0,0,0,0,0,,,,,,,,,
pre_within_7_days,7,2024,B,missing,0,0,0,0,0,[],0,0,0,0,0,0,,,,,,,,,
pre_within_7_days,7,2024,C,full_price,0,0,0,0,0,[],0,0,0,0,0,0,,,,,,,,,
pre_within_7_days,7,2024,C,discount,0,0,0,0,0,[],0,0,0,0,0,0,,,,,,,,,
pre_within_7_days,7,2024,C,ambiguous,0,0,0,0,0,[],0,0,0,0,0,0,,,,,,,,,
pre_within_7_days,7,2024,C,missing,0,0,0,0,0,[],0,0,0,0,0,0,,,,,,,,,
pre_within_7_days,7,2024,D,full_price,31,0,0,0,0,[],0,0,0,0,0,0,,,,,,,,,
pre_within_7_days,7,2024,D,discount,6,3,3,0,3,"[[""7830"",2024],[""1257270"",2024],[""2650840"",2024]]",3,0,0,0,3,0,0.012407407407407407,0.014912037037037036,0.01866898148148148,0.024930555555555556,0.023568672839506172,0.029149305555555553,0.03168055555555555,0.03252430555555555,0.033368055555555554
pre_within_7_days,7,2024,D,ambiguous,0,0,0,0,0,[],0,0,0,0,0,0,,,,,,,,,
pre_within_7_days,7,2024,D,missing,3,0,0,0,0,[],0,0,0,0,0,0,,,,,,,,,
pre_within_7_days,7,2025,all_non_A,full_price,30,1,1,0,0,"[[""219200"",2025]]",0,1,0,0,1,0,73.05475694444445,73.05475694444445,73.05475694444445,73.05475694444445,73.05475694444445,73.05475694444445,73.05475694444445,73.05475694444445,73.05475694444445
pre_within_7_days,7,2025,all_non_A,discount,7,1,1,0,1,"[[""1158850"",2025]]",1,0,0,0,1,0,1.0134722222222223,1.0134722222222223,1.0134722222222223,1.0134722222222223,1.0134722222222223,1.0134722222222223,1.0134722222222223,1.0134722222222223,1.0134722222222223
pre_within_7_days,7,2025,all_non_A,ambiguous,0,0,0,0,0,[],0,0,0,0,0,0,,,,,,,,,
pre_within_7_days,7,2025,all_non_A,missing,3,0,0,0,0,[],0,0,0,0,0,0,,,,,,,,,
pre_within_7_days,7,2025,B,full_price,0,0,0,0,0,[],0,0,0,0,0,0,,,,,,,,,
pre_within_7_days,7,2025,B,discount,1,0,0,0,0,[],0,0,0,0,0,0,,,,,,,,,
pre_within_7_days,7,2025,B,ambiguous,0,0,0,0,0,[],0,0,0,0,0,0,,,,,,,,,
pre_within_7_days,7,2025,B,missing,0,0,0,0,0,[],0,0,0,0,0,0,,,,,,,,,
pre_within_7_days,7,2025,C,full_price,0,0,0,0,0,[],0,0,0,0,0,0,,,,,,,,,
pre_within_7_days,7,2025,C,discount,0,0,0,0,0,[],0,0,0,0,0,0,,,,,,,,,
pre_within_7_days,7,2025,C,ambiguous,0,0,0,0,0,[],0,0,0,0,0,0,,,,,,,,,
pre_within_7_days,7,2025,C,missing,0,0,0,0,0,[],0,0,0,0,0,0,,,,,,,,,
pre_within_7_days,7,2025,D,full_price,30,1,1,0,0,"[[""219200"",2025]]",0,1,0,0,1,0,73.05475694444445,73.05475694444445,73.05475694444445,73.05475694444445,73.05475694444445,73.05475694444445,73.05475694444445,73.05475694444445,73.05475694444445
pre_within_7_days,7,2025,D,discount,6,1,1,0,1,"[[""1158850"",2025]]",1,0,0,0,1,0,1.0134722222222223,1.0134722222222223,1.0134722222222223,1.0134722222222223,1.0134722222222223,1.0134722222222223,1.0134722222222223,1.0134722222222223,1.0134722222222223
pre_within_7_days,7,2025,D,ambiguous,0,0,0,0,0,[],0,0,0,0,0,0,,,,,,,,,
pre_within_7_days,7,2025,D,missing,3,0,0,0,0,[],0,0,0,0,0,0,,,,,,,,,
pre_within_14_days,14,all,all_non_A,full_price,93,2,2,0,0,"[[""219200"",2025],[""1836120"",2025]]",0,2,0,0,2,0,17.013194444444444,22.617350694444447,31.023585069444444,45.03397569444445,45.03397569444445,59.04436631944445,67.45060069444445,70.25267881944444,73.05475694444445
pre_within_14_days,14,all,all_non_A,discount,22,14,13,1,12,"[[""7830"",2024],[""8930"",2025],[""303680"",2023],[""1158850"",2023],[""1158850"",2025],[""1239260"",2024],[""1239260"",2025],[""1257270"",2024],[""1836120"",2023],[""2205710"",2025],[""2268470"",2023],[""2621900"",2023],[""2650840"",2024],[""2650840"",2025]]",12,1,0,1,13,1,0.009710648148148149,0.01244212962962963,0.024930555555555556,0.033368055555555554,2.0480974002849,0.12931712962962963,0.8423981481481488,10.61333796296293,25.013136574074075
pre_within_14_days,14,all,all_non_A,ambiguous,0,0,0,0,0,[],0,0,0,0,0,0,,,,,,,,,
pre_within_14_days,14,all,all_non_A,missing,10,0,0,0,0,[],0,0,0,0,0,0,,,,,,,,,
pre_within_14_days,14,all,B,full_price,0,0,0,0,0,[],0,0,0,0,0,0,,,,,,,,,
pre_within_14_days,14,all,B,discount,2,2,1,1,0,"[[""2205710"",2025],[""2268470"",2023]]",0,1,0,1,1,1,25.013136574074075,25.013136574074075,25.013136574074075,25.013136574074075,25.013136574074075,25.013136574074075,25.013136574074075,25.013136574074075,25.013136574074075
pre_within_14_days,14,all,B,ambiguous,0,0,0,0,0,[],0,0,0,0,0,0,,,,,,,,,
pre_within_14_days,14,all,B,missing,1,0,0,0,0,[],0,0,0,0,0,0,,,,,,,,,
pre_within_14_days,14,all,C,full_price,0,0,0,0,0,[],0,0,0,0,0,0,,,,,,,,,
pre_within_14_days,14,all,C,discount,0,0,0,0,0,[],0,0,0,0,0,0,,,,,,,,,
pre_within_14_days,14,all,C,ambiguous,0,0,0,0,0,[],0,0,0,0,0,0,,,,,,,,,
pre_within_14_days,14,all,C,missing,0,0,0,0,0,[],0,0,0,0,0,0,,,,,,,,,
pre_within_14_days,14,all,D,full_price,93,2,2,0,0,"[[""219200"",2025],[""1836120"",2025]]",0,2,0,0,2,0,17.013194444444444,22.617350694444447,31.023585069444444,45.03397569444445,45.03397569444445,59.04436631944445,67.45060069444445,70.25267881944444,73.05475694444445
pre_within_14_days,14,all,D,discount,20,12,12,0,12,"[[""7830"",2024],[""8930"",2025],[""303680"",2023],[""1158850"",2023],[""1158850"",2025],[""1239260"",2024],[""1239260"",2025],[""1257270"",2024],[""1836120"",2023],[""2621900"",2023],[""2650840"",2024],[""2650840"",2025]]",12,0,0,0,12,0,0.009710648148148149,0.012424768518518519,0.021843171296296298,0.033368055555555554,0.13434413580246915,0.10125289351851852,0.15522337962962965,0.5430185185185179,1.0134722222222223
pre_within_14_days,14,all,D,ambiguous,0,0,0,0,0,[],0,0,0,0,0,0,,,,,,,,,
pre_within_14_days,14,all,D,missing,9,0,0,0,0,[],0,0,0,0,0,0,,,,,,,,,
pre_within_14_days,14,2023,all_non_A,full_price,32,0,0,0,0,[],0,0,0,0,0,0,,,,,,,,,
pre_within_14_days,14,2023,all_non_A,discount,9,5,4,1,4,"[[""303680"",2023],[""1158850"",2023],[""1836120"",2023],[""2268470"",2023],[""2621900"",2023]]",4,0,0,1,4,1,0.009710648148148149,0.03436689814814815,0.07135127314814815,0.11060763888888889,0.09725694444444444,0.1365133101851852,0.14946643518518518,0.15378414351851852,0.15810185185185185
pre_within_14_days,14,2023,all_non_A,ambiguous,0,0,0,0,0,[],0,0,0,0,0,0,,,,,,,,,
pre_within_14_days,14,2023,all_non_A,missing,4,0,0,0,0,[],0,0,0,0,0,0,,,,,,,,,
pre_within_14_days,14,2023,B,full_price,0,0,0,0,0,[],0,0,0,0,0,0,,,,,,,,,
pre_within_14_days,14,2023,B,discount,1,1,0,1,0,"[[""2268470"",2023]]",0,0,0,1,0,1,,,,,,,,,
pre_within_14_days,14,2023,B,ambiguous,0,0,0,0,0,[],0,0,0,0,0,0,,,,,,,,,
pre_within_14_days,14,2023,B,missing,1,0,0,0,0,[],0,0,0,0,0,0,,,,,,,,,
pre_within_14_days,14,2023,C,full_price,0,0,0,0,0,[],0,0,0,0,0,0,,,,,,,,,
pre_within_14_days,14,2023,C,discount,0,0,0,0,0,[],0,0,0,0,0,0,,,,,,,,,
pre_within_14_days,14,2023,C,ambiguous,0,0,0,0,0,[],0,0,0,0,0,0,,,,,,,,,
pre_within_14_days,14,2023,C,missing,0,0,0,0,0,[],0,0,0,0,0,0,,,,,,,,,
pre_within_14_days,14,2023,D,full_price,32,0,0,0,0,[],0,0,0,0,0,0,,,,,,,,,
pre_within_14_days,14,2023,D,discount,8,4,4,0,4,"[[""303680"",2023],[""1158850"",2023],[""1836120"",2023],[""2621900"",2023]]",4,0,0,0,4,0,0.009710648148148149,0.03436689814814815,0.07135127314814815,0.11060763888888889,0.09725694444444444,0.1365133101851852,0.14946643518518518,0.15378414351851852,0.15810185185185185
pre_within_14_days,14,2023,D,ambiguous,0,0,0,0,0,[],0,0,0,0,0,0,,,,,,,,,
pre_within_14_days,14,2023,D,missing,3,0,0,0,0,[],0,0,0,0,0,0,,,,,,,,,
pre_within_14_days,14,2024,all_non_A,full_price,31,0,0,0,0,[],0,0,0,0,0,0,,,,,,,,,
pre_within_14_days,14,2024,all_non_A,discount,6,4,4,0,4,"[[""7830"",2024],[""1239260"",2024],[""1257270"",2024],[""2650840"",2024]]",4,0,0,0,4,0,0.012407407407407407,0.016164351851851853,0.021799768518518517,0.029149305555555553,0.026018518518518517,0.033368055555555554,0.033368055555555554,0.033368055555555554,0.033368055555555554
pre_within_14_days,14,2024,all_non_A,ambiguous,0,0,0,0,0,[],0,0,0,0,0,0,,,,,,,,,
pre_within_14_days,14,2024,all_non_A,missing,3,0,0,0,0,[],0,0,0,0,0,0,,,,,,,,,
pre_within_14_days,14,2024,B,full_price,0,0,0,0,0,[],0,0,0,0,0,0,,,,,,,,,
pre_within_14_days,14,2024,B,discount,0,0,0,0,0,[],0,0,0,0,0,0,,,,,,,,,
pre_within_14_days,14,2024,B,ambiguous,0,0,0,0,0,[],0,0,0,0,0,0,,,,,,,,,
pre_within_14_days,14,2024,B,missing,0,0,0,0,0,[],0,0,0,0,0,0,,,,,,,,,
pre_within_14_days,14,2024,C,full_price,0,0,0,0,0,[],0,0,0,0,0,0,,,,,,,,,
pre_within_14_days,14,2024,C,discount,0,0,0,0,0,[],0,0,0,0,0,0,,,,,,,,,
pre_within_14_days,14,2024,C,ambiguous,0,0,0,0,0,[],0,0,0,0,0,0,,,,,,,,,
pre_within_14_days,14,2024,C,missing,0,0,0,0,0,[],0,0,0,0,0,0,,,,,,,,,
pre_within_14_days,14,2024,D,full_price,31,0,0,0,0,[],0,0,0,0,0,0,,,,,,,,,
pre_within_14_days,14,2024,D,discount,6,4,4,0,4,"[[""7830"",2024],[""1239260"",2024],[""1257270"",2024],[""2650840"",2024]]",4,0,0,0,4,0,0.012407407407407407,0.016164351851851853,0.021799768518518517,0.029149305555555553,0.026018518518518517,0.033368055555555554,0.033368055555555554,0.033368055555555554,0.033368055555555554
pre_within_14_days,14,2024,D,ambiguous,0,0,0,0,0,[],0,0,0,0,0,0,,,,,,,,,
pre_within_14_days,14,2024,D,missing,3,0,0,0,0,[],0,0,0,0,0,0,,,,,,,,,
pre_within_14_days,14,2025,all_non_A,full_price,30,2,2,0,0,"[[""219200"",2025],[""1836120"",2025]]",0,2,0,0,2,0,17.013194444444444,22.617350694444447,31.023585069444444,45.03397569444445,45.03397569444445,59.04436631944445,67.45060069444445,70.25267881944444,73.05475694444445
pre_within_14_days,14,2025,all_non_A,discount,7,5,5,0,4,"[[""8930"",2025],[""1158850"",2025],[""1239260"",2025],[""2205710"",2025],[""2650840"",2025]]",4,1,0,0,5,0,0.01258101851851852,0.020881944444444446,0.03333333333333333,0.0596412037037037,5.22643287037037,1.0134722222222223,15.413270833333335,20.2132037037037,25.013136574074075
pre_within_14_days,14,2025,all_non_A,ambiguous,0,0,0,0,0,[],0,0,0,0,0,0,,,,,,,,,
pre_within_14_days,14,2025,all_non_A,missing,3,0,0,0,0,[],0,0,0,0,0,0,,,,,,,,,
pre_within_14_days,14,2025,B,full_price,0,0,0,0,0,[],0,0,0,0,0,0,,,,,,,,,
pre_within_14_days,14,2025,B,discount,1,1,1,0,0,"[[""2205710"",2025]]",0,1,0,0,1,0,25.013136574074075,25.013136574074075,25.013136574074075,25.013136574074075,25.013136574074075,25.013136574074075,25.013136574074075,25.013136574074075,25.013136574074075
pre_within_14_days,14,2025,B,ambiguous,0,0,0,0,0,[],0,0,0,0,0,0,,,,,,,,,
pre_within_14_days,14,2025,B,missing,0,0,0,0,0,[],0,0,0,0,0,0,,,,,,,,,
pre_within_14_days,14,2025,C,full_price,0,0,0,0,0,[],0,0,0,0,0,0,,,,,,,,,
pre_within_14_days,14,2025,C,discount,0,0,0,0,0,[],0,0,0,0,0,0,,,,,,,,,
pre_within_14_days,14,2025,C,ambiguous,0,0,0,0,0,[],0,0,0,0,0,0,,,,,,,,,
pre_within_14_days,14,2025,C,missing,0,0,0,0,0,[],0,0,0,0,0,0,,,,,,,,,
pre_within_14_days,14,2025,D,full_price,30,2,2,0,0,"[[""219200"",2025],[""1836120"",2025]]",0,2,0,0,2,0,17.013194444444444,22.617350694444447,31.023585069444444,45.03397569444445,45.03397569444445,59.04436631944445,67.45060069444445,70.25267881944444,73.05475694444445
pre_within_14_days,14,2025,D,discount,6,4,4,0,4,"[[""8930"",2025],[""1158850"",2025],[""1239260"",2025],[""2650840"",2025]]",4,0,0,0,4,0,0.01258101851851852,0.018806712962962963,0.028145254629629628,0.04648726851851852,0.2797569444444445,0.29809895833333333,0.7273229166666669,0.8703975694444442,1.0134722222222223
pre_within_14_days,14,2025,D,ambiguous,0,0,0,0,0,[],0,0,0,0,0,0,,,,,,,,,
pre_within_14_days,14,2025,D,missing,3,0,0,0,0,[],0,0,0,0,0,0,,,,,,,,,
pre_within_30_days,30,all,all_non_A,full_price,93,7,7,0,4,"[[""219200"",2025],[""242960"",2024],[""303680"",2024],[""1465260"",2024],[""1588760"",2025],[""1740720"",2023],[""1836120"",2025]]",0,7,0,0,7,0,12.01085648148148,14.092148148148148,16.246435185185184,23.178159722222222,69.54979166666666,123.05535300925926,173.05594907407408,173.05594907407408,173.05594907407408
pre_within_30_days,30,all,all_non_A,discount,22,15,14,1,14,"[[""7830"",2024],[""8930"",2025],[""303680"",2023],[""1158850"",2023],[""1158850"",2025],[""1239260"",2024],[""1239260"",2025],[""1257270"",2024],[""1836120"",2023],[""2205710"",2025],[""2268470"",2023],[""2383710"",2023],[""2621900"",2023],[""2650840"",2024],[""2650840"",2025]]",13,1,0,1,14,1,0.009710648148148149,0.012459490740740741,0.02703125,0.04650462962962963,1.9127116402116402,0.14685185185185184,0.7568611111111121,9.413354745370363,25.013136574074075
pre_within_30_days,30,all,all_non_A,ambiguous,0,0,0,0,0,[],0,0,0,0,0,0,,,,,,,,,
pre_within_30_days,30,all,all_non_A,missing,10,0,0,0,0,[],0,0,0,0,0,0,,,,,,,,,
pre_within_30_days,30,all,B,full_price,0,0,0,0,0,[],0,0,0,0,0,0,,,,,,,,,
pre_within_30_days,30,all,B,discount,2,2,1,1,1,"[[""2205710"",2025],[""2268470"",2023]]",0,1,0,1,1,1,25.013136574074075,25.013136574074075,25.013136574074075,25.013136574074075,25.013136574074075,25.013136574074075,25.013136574074075,25.013136574074075,25.013136574074075
pre_within_30_days,30,all,B,ambiguous,0,0,0,0,0,[],0,0,0,0,0,0,,,,,,,,,
pre_within_30_days,30,all,B,missing,1,0,0,0,0,[],0,0,0,0,0,0,,,,,,,,,
pre_within_30_days,30,all,C,full_price,0,0,0,0,0,[],0,0,0,0,0,0,,,,,,,,,
pre_within_30_days,30,all,C,discount,0,0,0,0,0,[],0,0,0,0,0,0,,,,,,,,,
pre_within_30_days,30,all,C,ambiguous,0,0,0,0,0,[],0,0,0,0,0,0,,,,,,,,,
pre_within_30_days,30,all,C,missing,0,0,0,0,0,[],0,0,0,0,0,0,,,,,,,,,
pre_within_30_days,30,all,D,full_price,93,7,7,0,4,"[[""219200"",2025],[""242960"",2024],[""303680"",2024],[""1465260"",2024],[""1588760"",2025],[""1740720"",2023],[""1836120"",2025]]",0,7,0,0,7,0,12.01085648148148,14.092148148148148,16.246435185185184,23.178159722222222,69.54979166666666,123.05535300925926,173.05594907407408,173.05594907407408,173.05594907407408
pre_within_30_days,30,all,D,discount,20,13,13,0,13,"[[""7830"",2024],[""8930"",2025],[""303680"",2023],[""1158850"",2023],[""1158850"",2025],[""1239260"",2024],[""1239260"",2025],[""1257270"",2024],[""1836120"",2023],[""2383710"",2023],[""2621900"",2023],[""2650840"",2024],[""2650840"",2025]]",13,0,0,0,13,0,0.009710648148148149,0.01244212962962963,0.024930555555555556,0.033368055555555554,0.13575587606837608,0.12931712962962963,0.15702083333333333,0.5002499999999989,1.0134722222222223
pre_within_30_days,30,all,D,ambiguous,0,0,0,0,0,[],0,0,0,0,0,0,,,,,,,,,
pre_within_30_days,30,all,D,missing,9,0,0,0,0,[],0,0,0,0,0,0,,,,,,,,,
pre_within_30_days,30,2023,all_non_A,full_price,32,1,1,0,1,"[[""1740720"",2023]]",0,1,0,0,1,0,23.178159722222222,23.178159722222222,23.178159722222222,23.178159722222222,23.178159722222222,23.178159722222222,23.178159722222222,23.178159722222222,23.178159722222222
pre_within_30_days,30,2023,all_non_A,discount,9,6,5,1,5,"[[""303680"",2023],[""1158850"",2023],[""1836120"",2023],[""2268470"",2023],[""2383710"",2023],[""2621900"",2023]]",5,0,0,1,5,1,0.009710648148148149,0.04258564814814815,0.09189814814814815,0.12931712962962963,0.1083449074074074,0.15269675925925927,0.1559398148148148,0.15702083333333333,0.15810185185185185
pre_within_30_days,30,2023,all_non_A,ambiguous,0,0,0,0,0,[],0,0,0,0,0,0,,,,,,,,,
pre_within_30_days,30,2023,all_non_A,missing,4,0,0,0,0,[],0,0,0,0,0,0,,,,,,,,,
pre_within_30_days,30,2023,B,full_price,0,0,0,0,0,[],0,0,0,0,0,0,,,,,,,,,
pre_within_30_days,30,2023,B,discount,1,1,0,1,0,"[[""2268470"",2023]]",0,0,0,1,0,1,,,,,,,,,
pre_within_30_days,30,2023,B,ambiguous,0,0,0,0,0,[],0,0,0,0,0,0,,,,,,,,,
pre_within_30_days,30,2023,B,missing,1,0,0,0,0,[],0,0,0,0,0,0,,,,,,,,,
pre_within_30_days,30,2023,C,full_price,0,0,0,0,0,[],0,0,0,0,0,0,,,,,,,,,
pre_within_30_days,30,2023,C,discount,0,0,0,0,0,[],0,0,0,0,0,0,,,,,,,,,
pre_within_30_days,30,2023,C,ambiguous,0,0,0,0,0,[],0,0,0,0,0,0,,,,,,,,,
pre_within_30_days,30,2023,C,missing,0,0,0,0,0,[],0,0,0,0,0,0,,,,,,,,,
pre_within_30_days,30,2023,D,full_price,32,1,1,0,1,"[[""1740720"",2023]]",0,1,0,0,1,0,23.178159722222222,23.178159722222222,23.178159722222222,23.178159722222222,23.178159722222222,23.178159722222222,23.178159722222222,23.178159722222222,23.178159722222222
pre_within_30_days,30,2023,D,discount,8,5,5,0,5,"[[""303680"",2023],[""1158850"",2023],[""1836120"",2023],[""2383710"",2023],[""2621900"",2023]]",5,0,0,0,5,0,0.009710648148148149,0.04258564814814815,0.09189814814814815,0.12931712962962963,0.1083449074074074,0.15269675925925927,0.1559398148148148,0.15702083333333333,0.15810185185185185
pre_within_30_days,30,2023,D,ambiguous,0,0,0,0,0,[],0,0,0,0,0,0,,,,,,,,,
pre_within_30_days,30,2023,D,missing,3,0,0,0,0,[],0,0,0,0,0,0,,,,,,,,,
pre_within_30_days,30,2024,all_non_A,full_price,31,3,3,0,1,"[[""242960"",2024],[""303680"",2024],[""1465260"",2024]]",0,3,0,0,3,0,15.479675925925926,46.994930555555555,94.2678125,173.05594907407408,120.53052469135802,173.05594907407408,173.05594907407408,173.05594907407408,173.05594907407408
pre_within_30_days,30,2024,all_non_A,discount,6,4,4,0,4,"[[""7830"",2024],[""1239260"",2024],[""1257270"",2024],[""2650840"",2024]]",4,0,0,0,4,0,0.012407407407407407,0.016164351851851853,0.021799768518518517,0.029149305555555553,0.026018518518518517,0.033368055555555554,0.033368055555555554,0.033368055555555554,0.033368055555555554
pre_within_30_days,30,2024,all_non_A,ambiguous,0,0,0,0,0,[],0,0,0,0,0,0,,,,,,,,,
pre_within_30_days,30,2024,all_non_A,missing,3,0,0,0,0,[],0,0,0,0,0,0,,,,,,,,,
pre_within_30_days,30,2024,B,full_price,0,0,0,0,0,[],0,0,0,0,0,0,,,,,,,,,
pre_within_30_days,30,2024,B,discount,0,0,0,0,0,[],0,0,0,0,0,0,,,,,,,,,
pre_within_30_days,30,2024,B,ambiguous,0,0,0,0,0,[],0,0,0,0,0,0,,,,,,,,,
pre_within_30_days,30,2024,B,missing,0,0,0,0,0,[],0,0,0,0,0,0,,,,,,,,,
pre_within_30_days,30,2024,C,full_price,0,0,0,0,0,[],0,0,0,0,0,0,,,,,,,,,
pre_within_30_days,30,2024,C,discount,0,0,0,0,0,[],0,0,0,0,0,0,,,,,,,,,
pre_within_30_days,30,2024,C,ambiguous,0,0,0,0,0,[],0,0,0,0,0,0,,,,,,,,,
pre_within_30_days,30,2024,C,missing,0,0,0,0,0,[],0,0,0,0,0,0,,,,,,,,,
pre_within_30_days,30,2024,D,full_price,31,3,3,0,1,"[[""242960"",2024],[""303680"",2024],[""1465260"",2024]]",0,3,0,0,3,0,15.479675925925926,46.994930555555555,94.2678125,173.05594907407408,120.53052469135802,173.05594907407408,173.05594907407408,173.05594907407408,173.05594907407408
pre_within_30_days,30,2024,D,discount,6,4,4,0,4,"[[""7830"",2024],[""1239260"",2024],[""1257270"",2024],[""2650840"",2024]]",4,0,0,0,4,0,0.012407407407407407,0.016164351851851853,0.021799768518518517,0.029149305555555553,0.026018518518518517,0.033368055555555554,0.033368055555555554,0.033368055555555554,0.033368055555555554
pre_within_30_days,30,2024,D,ambiguous,0,0,0,0,0,[],0,0,0,0,0,0,,,,,,,,,
pre_within_30_days,30,2024,D,missing,3,0,0,0,0,[],0,0,0,0,0,0,,,,,,,,,
pre_within_30_days,30,2025,all_non_A,full_price,30,3,3,0,2,"[[""219200"",2025],[""1588760"",2025],[""1836120"",2025]]",0,3,0,0,3,0,12.01085648148148,13.011324074074073,14.512025462962963,17.013194444444444,34.02626929012346,45.03397569444445,61.84644444444445,67.45060069444445,73.05475694444445
pre_within_30_days,30,2025,all_non_A,discount,7,5,5,0,5,"[[""8930"",2025],[""1158850"",2025],[""1239260"",2025],[""2205710"",2025],[""2650840"",2025]]",4,1,0,0,5,0,0.01258101851851852,0.020881944444444446,0.03333333333333333,0.0596412037037037,5.22643287037037,1.0134722222222223,15.413270833333335,20.2132037037037,25.013136574074075
pre_within_30_days,30,2025,all_non_A,ambiguous,0,0,0,0,0,[],0,0,0,0,0,0,,,,,,,,,
pre_within_30_days,30,2025,all_non_A,missing,3,0,0,0,0,[],0,0,0,0,0,0,,,,,,,,,
pre_within_30_days,30,2025,B,full_price,0,0,0,0,0,[],0,0,0,0,0,0,,,,,,,,,
pre_within_30_days,30,2025,B,discount,1,1,1,0,1,"[[""2205710"",2025]]",0,1,0,0,1,0,25.013136574074075,25.013136574074075,25.013136574074075,25.013136574074075,25.013136574074075,25.013136574074075,25.013136574074075,25.013136574074075,25.013136574074075
pre_within_30_days,30,2025,B,ambiguous,0,0,0,0,0,[],0,0,0,0,0,0,,,,,,,,,
pre_within_30_days,30,2025,B,missing,0,0,0,0,0,[],0,0,0,0,0,0,,,,,,,,,
pre_within_30_days,30,2025,C,full_price,0,0,0,0,0,[],0,0,0,0,0,0,,,,,,,,,
pre_within_30_days,30,2025,C,discount,0,0,0,0,0,[],0,0,0,0,0,0,,,,,,,,,
pre_within_30_days,30,2025,C,ambiguous,0,0,0,0,0,[],0,0,0,0,0,0,,,,,,,,,
pre_within_30_days,30,2025,C,missing,0,0,0,0,0,[],0,0,0,0,0,0,,,,,,,,,
pre_within_30_days,30,2025,D,full_price,30,3,3,0,2,"[[""219200"",2025],[""1588760"",2025],[""1836120"",2025]]",0,3,0,0,3,0,12.01085648148148,13.011324074074073,14.512025462962963,17.013194444444444,34.02626929012346,45.03397569444445,61.84644444444445,67.45060069444445,73.05475694444445
pre_within_30_days,30,2025,D,discount,6,4,4,0,4,"[[""8930"",2025],[""1158850"",2025],[""1239260"",2025],[""2650840"",2025]]",4,0,0,0,4,0,0.01258101851851852,0.018806712962962963,0.028145254629629628,0.04648726851851852,0.2797569444444445,0.29809895833333333,0.7273229166666669,0.8703975694444442,1.0134722222222223
pre_within_30_days,30,2025,D,ambiguous,0,0,0,0,0,[],0,0,0,0,0,0,,,,,,,,,
pre_within_30_days,30,2025,D,missing,3,0,0,0,0,[],0,0,0,0,0,0,,,,,,,,,
pre_within_60_days,60,all,all_non_A,full_price,93,10,10,0,7,"[[""219200"",2025],[""242960"",2024],[""303680"",2024],[""1063730"",2024],[""1465260"",2024],[""1588760"",2025],[""1740720"",2023],[""1836120"",2025],[""2009420"",2025],[""2123430"",2023]]",0,10,0,0,10,0,12.01085648148148,14.79504398148148,15.863055555555556,23.18945601851852,56.92071064814815,65.8044212962963,173.05594907407408,173.05594907407408,173.05594907407408
pre_within_60_days,60,all,all_non_A,discount,22,15,14,1,14,"[[""7830"",2024],[""8930"",2025],[""303680"",2023],[""1158850"",2023],[""1158850"",2025],[""1239260"",2024],[""1239260"",2025],[""1257270"",2024],[""1836120"",2023],[""2205710"",2025],[""2268470"",2023],[""2383710"",2023],[""2621900"",2023],[""2650840"",2024],[""2650840"",2025]]",13,1,0,1,14,1,0.009710648148148149,0.012459490740740741,0.02703125,0.04650462962962963,1.9127116402116402,0.14685185185185184,0.7568611111111121,9.413354745370363,25.013136574074075
pre_within_60_days,60,all,all_non_A,ambiguous,0,0,0,0,0,[],0,0,0,0,0,0,,,,,,,,,
pre_within_60_days,60,all,all_non_A,missing,10,0,0,0,0,[],0,0,0,0,0,0,,,,,,,,,
pre_within_60_days,60,all,B,full_price,0,0,0,0,0,[],0,0,0,0,0,0,,,,,,,,,
pre_within_60_days,60,all,B,discount,2,2,1,1,1,"[[""2205710"",2025],[""2268470"",2023]]",0,1,0,1,1,1,25.013136574074075,25.013136574074075,25.013136574074075,25.013136574074075,25.013136574074075,25.013136574074075,25.013136574074075,25.013136574074075,25.013136574074075
pre_within_60_days,60,all,B,ambiguous,0,0,0,0,0,[],0,0,0,0,0,0,,,,,,,,,
pre_within_60_days,60,all,B,missing,1,0,0,0,0,[],0,0,0,0,0,0,,,,,,,,,
pre_within_60_days,60,all,C,full_price,0,0,0,0,0,[],0,0,0,0,0,0,,,,,,,,,
pre_within_60_days,60,all,C,discount,0,0,0,0,0,[],0,0,0,0,0,0,,,,,,,,,
pre_within_60_days,60,all,C,ambiguous,0,0,0,0,0,[],0,0,0,0,0,0,,,,,,,,,
pre_within_60_days,60,all,C,missing,0,0,0,0,0,[],0,0,0,0,0,0,,,,,,,,,
pre_within_60_days,60,all,D,full_price,93,10,10,0,7,"[[""219200"",2025],[""242960"",2024],[""303680"",2024],[""1063730"",2024],[""1465260"",2024],[""1588760"",2025],[""1740720"",2023],[""1836120"",2025],[""2009420"",2025],[""2123430"",2023]]",0,10,0,0,10,0,12.01085648148148,14.79504398148148,15.863055555555556,23.18945601851852,56.92071064814815,65.8044212962963,173.05594907407408,173.05594907407408,173.05594907407408
pre_within_60_days,60,all,D,discount,20,13,13,0,13,"[[""7830"",2024],[""8930"",2025],[""303680"",2023],[""1158850"",2023],[""1158850"",2025],[""1239260"",2024],[""1239260"",2025],[""1257270"",2024],[""1836120"",2023],[""2383710"",2023],[""2621900"",2023],[""2650840"",2024],[""2650840"",2025]]",13,0,0,0,13,0,0.009710648148148149,0.01244212962962963,0.024930555555555556,0.033368055555555554,0.13575587606837608,0.12931712962962963,0.15702083333333333,0.5002499999999989,1.0134722222222223
pre_within_60_days,60,all,D,ambiguous,0,0,0,0,0,[],0,0,0,0,0,0,,,,,,,,,
pre_within_60_days,60,all,D,missing,9,0,0,0,0,[],0,0,0,0,0,0,,,,,,,,,
pre_within_60_days,60,2023,all_non_A,full_price,32,2,2,0,2,"[[""1740720"",2023],[""2123430"",2023]]",0,2,0,0,2,0,23.178159722222222,23.18041898148148,23.18380787037037,23.18945601851852,23.18945601851852,23.195104166666667,23.198493055555556,23.199622685185183,23.200752314814814
pre_within_60_days,60,2023,all_non_A,discount,9,6,5,1,5,"[[""303680"",2023],[""1158850"",2023],[""1836120"",2023],[""2268470"",2023],[""2383710"",2023],[""2621900"",2023]]",5,0,0,1,5,1,0.009710648148148149,0.04258564814814815,0.09189814814814815,0.12931712962962963,0.1083449074074074,0.15269675925925927,0.1559398148148148,0.15702083333333333,0.15810185185185185
pre_within_60_days,60,2023,all_non_A,ambiguous,0,0,0,0,0,[],0,0,0,0,0,0,,,,,,,,,
pre_within_60_days,60,2023,all_non_A,missing,4,0,0,0,0,[],0,0,0,0,0,0,,,,,,,,,
pre_within_60_days,60,2023,B,full_price,0,0,0,0,0,[],0,0,0,0,0,0,,,,,,,,,
pre_within_60_days,60,2023,B,discount,1,1,0,1,0,"[[""2268470"",2023]]",0,0,0,1,0,1,,,,,,,,,
pre_within_60_days,60,2023,B,ambiguous,0,0,0,0,0,[],0,0,0,0,0,0,,,,,,,,,
pre_within_60_days,60,2023,B,missing,1,0,0,0,0,[],0,0,0,0,0,0,,,,,,,,,
pre_within_60_days,60,2023,C,full_price,0,0,0,0,0,[],0,0,0,0,0,0,,,,,,,,,
pre_within_60_days,60,2023,C,discount,0,0,0,0,0,[],0,0,0,0,0,0,,,,,,,,,
pre_within_60_days,60,2023,C,ambiguous,0,0,0,0,0,[],0,0,0,0,0,0,,,,,,,,,
pre_within_60_days,60,2023,C,missing,0,0,0,0,0,[],0,0,0,0,0,0,,,,,,,,,
pre_within_60_days,60,2023,D,full_price,32,2,2,0,2,"[[""1740720"",2023],[""2123430"",2023]]",0,2,0,0,2,0,23.178159722222222,23.18041898148148,23.18380787037037,23.18945601851852,23.18945601851852,23.195104166666667,23.198493055555556,23.199622685185183,23.200752314814814
pre_within_60_days,60,2023,D,discount,8,5,5,0,5,"[[""303680"",2023],[""1158850"",2023],[""1836120"",2023],[""2383710"",2023],[""2621900"",2023]]",5,0,0,0,5,0,0.009710648148148149,0.04258564814814815,0.09189814814814815,0.12931712962962963,0.1083449074074074,0.15269675925925927,0.1559398148148148,0.15702083333333333,0.15810185185185185
pre_within_60_days,60,2023,D,ambiguous,0,0,0,0,0,[],0,0,0,0,0,0,,,,,,,,,
pre_within_60_days,60,2023,D,missing,3,0,0,0,0,[],0,0,0,0,0,0,,,,,,,,,
pre_within_60_days,60,2024,all_non_A,full_price,31,4,4,0,2,"[[""242960"",2024],[""303680"",2024],[""1063730"",2024],[""1465260"",2024]]",0,4,0,0,4,0,15.104398148148148,15.216981481481481,15.385856481481483,94.2678125,94.17399305555556,173.05594907407408,173.05594907407408,173.05594907407408,173.05594907407408
pre_within_60_days,60,2024,all_non_A,discount,6,4,4,0,4,"[[""7830"",2024],[""1239260"",2024],[""1257270"",2024],[""2650840"",2024]]",4,0,0,0,4,0,0.012407407407407407,0.016164351851851853,0.021799768518518517,0.029149305555555553,0.026018518518518517,0.033368055555555554,0.033368055555555554,0.033368055555555554,0.033368055555555554
pre_within_60_days,60,2024,all_non_A,ambiguous,0,0,0,0,0,[],0,0,0,0,0,0,,,,,,,,,
pre_within_60_days,60,2024,all_non_A,missing,3,0,0,0,0,[],0,0,0,0,0,0,,,,,,,,,
pre_within_60_days,60,2024,B,full_price,0,0,0,0,0,[],0,0,0,0,0,0,,,,,,,,,
pre_within_60_days,60,2024,B,discount,0,0,0,0,0,[],0,0,0,0,0,0,,,,,,,,,
pre_within_60_days,60,2024,B,ambiguous,0,0,0,0,0,[],0,0,0,0,0,0,,,,,,,,,
pre_within_60_days,60,2024,B,missing,0,0,0,0,0,[],0,0,0,0,0,0,,,,,,,,,
pre_within_60_days,60,2024,C,full_price,0,0,0,0,0,[],0,0,0,0,0,0,,,,,,,,,
pre_within_60_days,60,2024,C,discount,0,0,0,0,0,[],0,0,0,0,0,0,,,,,,,,,
pre_within_60_days,60,2024,C,ambiguous,0,0,0,0,0,[],0,0,0,0,0,0,,,,,,,,,
pre_within_60_days,60,2024,C,missing,0,0,0,0,0,[],0,0,0,0,0,0,,,,,,,,,
pre_within_60_days,60,2024,D,full_price,31,4,4,0,2,"[[""242960"",2024],[""303680"",2024],[""1063730"",2024],[""1465260"",2024]]",0,4,0,0,4,0,15.104398148148148,15.216981481481481,15.385856481481483,94.2678125,94.17399305555556,173.05594907407408,173.05594907407408,173.05594907407408,173.05594907407408
pre_within_60_days,60,2024,D,discount,6,4,4,0,4,"[[""7830"",2024],[""1239260"",2024],[""1257270"",2024],[""2650840"",2024]]",4,0,0,0,4,0,0.012407407407407407,0.016164351851851853,0.021799768518518517,0.029149305555555553,0.026018518518518517,0.033368055555555554,0.033368055555555554,0.033368055555555554,0.033368055555555554
pre_within_60_days,60,2024,D,ambiguous,0,0,0,0,0,[],0,0,0,0,0,0,,,,,,,,,
pre_within_60_days,60,2024,D,missing,3,0,0,0,0,[],0,0,0,0,0,0,,,,,,,,,
pre_within_60_days,60,2025,all_non_A,full_price,30,4,4,0,3,"[[""219200"",2025],[""1588760"",2025],[""1836120"",2025],[""2009420"",2025]]",0,4,0,0,4,0,12.01085648148148,13.51155787037037,15.762609953703704,30.533304398148147,36.533055555555556,51.30375,64.35435416666667,68.70455555555554,73.05475694444445
pre_within_60_days,60,2025,all_non_A,discount,7,5,5,0,5,"[[""8930"",2025],[""1158850"",2025],[""1239260"",2025],[""2205710"",2025],[""2650840"",2025]]",4,1,0,0,5,0,0.01258101851851852,0.020881944444444446,0.03333333333333333,0.0596412037037037,5.22643287037037,1.0134722222222223,15.413270833333335,20.2132037037037,25.013136574074075
pre_within_60_days,60,2025,all_non_A,ambiguous,0,0,0,0,0,[],0,0,0,0,0,0,,,,,,,,,
pre_within_60_days,60,2025,all_non_A,missing,3,0,0,0,0,[],0,0,0,0,0,0,,,,,,,,,
pre_within_60_days,60,2025,B,full_price,0,0,0,0,0,[],0,0,0,0,0,0,,,,,,,,,
pre_within_60_days,60,2025,B,discount,1,1,1,0,1,"[[""2205710"",2025]]",0,1,0,0,1,0,25.013136574074075,25.013136574074075,25.013136574074075,25.013136574074075,25.013136574074075,25.013136574074075,25.013136574074075,25.013136574074075,25.013136574074075
pre_within_60_days,60,2025,B,ambiguous,0,0,0,0,0,[],0,0,0,0,0,0,,,,,,,,,
pre_within_60_days,60,2025,B,missing,0,0,0,0,0,[],0,0,0,0,0,0,,,,,,,,,
pre_within_60_days,60,2025,C,full_price,0,0,0,0,0,[],0,0,0,0,0,0,,,,,,,,,
pre_within_60_days,60,2025,C,discount,0,0,0,0,0,[],0,0,0,0,0,0,,,,,,,,,
pre_within_60_days,60,2025,C,ambiguous,0,0,0,0,0,[],0,0,0,0,0,0,,,,,,,,,
pre_within_60_days,60,2025,C,missing,0,0,0,0,0,[],0,0,0,0,0,0,,,,,,,,,
pre_within_60_days,60,2025,D,full_price,30,4,4,0,3,"[[""219200"",2025],[""1588760"",2025],[""1836120"",2025],[""2009420"",2025]]",0,4,0,0,4,0,12.01085648148148,13.51155787037037,15.762609953703704,30.533304398148147,36.533055555555556,51.30375,64.35435416666667,68.70455555555554,73.05475694444445
pre_within_60_days,60,2025,D,discount,6,4,4,0,4,"[[""8930"",2025],[""1158850"",2025],[""1239260"",2025],[""2650840"",2025]]",4,0,0,0,4,0,0.01258101851851852,0.018806712962962963,0.028145254629629628,0.04648726851851852,0.2797569444444445,0.29809895833333333,0.7273229166666669,0.8703975694444442,1.0134722222222223
pre_within_60_days,60,2025,D,ambiguous,0,0,0,0,0,[],0,0,0,0,0,0,,,,,,,,,
pre_within_60_days,60,2025,D,missing,3,0,0,0,0,[],0,0,0,0,0,0,,,,,,,,,
pre_within_90_days,90,all,all_non_A,full_price,93,13,11,2,8,"[[""8930"",2024],[""219200"",2025],[""242960"",2024],[""262470"",2025],[""303680"",2024],[""1063730"",2024],[""1063730"",2025],[""1465260"",2024],[""1588760"",2025],[""1740720"",2023],[""1836120"",2025],[""2009420"",2025],[""2123430"",2023]]",0,11,0,2,11,2,12.01085648148148,15.104398148148148,16.246435185185184,23.200752314814814,65.83453808922559,114.01378472222223,173.05594907407408,173.05594907407408,173.05594907407408
pre_within_90_days,90,all,all_non_A,discount,22,15,14,1,14,"[[""7830"",2024],[""8930"",2025],[""303680"",2023],[""1158850"",2023],[""1158850"",2025],[""1239260"",2024],[""1239260"",2025],[""1257270"",2024],[""1836120"",2023],[""2205710"",2025],[""2268470"",2023],[""2383710"",2023],[""2621900"",2023],[""2650840"",2024],[""2650840"",2025]]",13,1,0,1,14,1,0.009710648148148149,0.012459490740740741,0.02703125,0.04650462962962963,1.9127116402116402,0.14685185185185184,0.7568611111111121,9.413354745370363,25.013136574074075
pre_within_90_days,90,all,all_non_A,ambiguous,0,0,0,0,0,[],0,0,0,0,0,0,,,,,,,,,
pre_within_90_days,90,all,all_non_A,missing,10,0,0,0,0,[],0,0,0,0,0,0,,,,,,,,,
pre_within_90_days,90,all,B,full_price,0,0,0,0,0,[],0,0,0,0,0,0,,,,,,,,,
pre_within_90_days,90,all,B,discount,2,2,1,1,1,"[[""2205710"",2025],[""2268470"",2023]]",0,1,0,1,1,1,25.013136574074075,25.013136574074075,25.013136574074075,25.013136574074075,25.013136574074075,25.013136574074075,25.013136574074075,25.013136574074075,25.013136574074075
pre_within_90_days,90,all,B,ambiguous,0,0,0,0,0,[],0,0,0,0,0,0,,,,,,,,,
pre_within_90_days,90,all,B,missing,1,0,0,0,0,[],0,0,0,0,0,0,,,,,,,,,
pre_within_90_days,90,all,C,full_price,0,0,0,0,0,[],0,0,0,0,0,0,,,,,,,,,
pre_within_90_days,90,all,C,discount,0,0,0,0,0,[],0,0,0,0,0,0,,,,,,,,,
pre_within_90_days,90,all,C,ambiguous,0,0,0,0,0,[],0,0,0,0,0,0,,,,,,,,,
pre_within_90_days,90,all,C,missing,0,0,0,0,0,[],0,0,0,0,0,0,,,,,,,,,
pre_within_90_days,90,all,D,full_price,93,13,11,2,8,"[[""8930"",2024],[""219200"",2025],[""242960"",2024],[""262470"",2025],[""303680"",2024],[""1063730"",2024],[""1063730"",2025],[""1465260"",2024],[""1588760"",2025],[""1740720"",2023],[""1836120"",2025],[""2009420"",2025],[""2123430"",2023]]",0,11,0,2,11,2,12.01085648148148,15.104398148148148,16.246435185185184,23.200752314814814,65.83453808922559,114.01378472222223,173.05594907407408,173.05594907407408,173.05594907407408
pre_within_90_days,90,all,D,discount,20,13,13,0,13,"[[""7830"",2024],[""8930"",2025],[""303680"",2023],[""1158850"",2023],[""1158850"",2025],[""1239260"",2024],[""1239260"",2025],[""1257270"",2024],[""1836120"",2023],[""2383710"",2023],[""2621900"",2023],[""2650840"",2024],[""2650840"",2025]]",13,0,0,0,13,0,0.009710648148148149,0.01244212962962963,0.024930555555555556,0.033368055555555554,0.13575587606837608,0.12931712962962963,0.15702083333333333,0.5002499999999989,1.0134722222222223
pre_within_90_days,90,all,D,ambiguous,0,0,0,0,0,[],0,0,0,0,0,0,,,,,,,,,
pre_within_90_days,90,all,D,missing,9,0,0,0,0,[],0,0,0,0,0,0,,,,,,,,,
pre_within_90_days,90,2023,all_non_A,full_price,32,2,2,0,2,"[[""1740720"",2023],[""2123430"",2023]]",0,2,0,0,2,0,23.178159722222222,23.18041898148148,23.18380787037037,23.18945601851852,23.18945601851852,23.195104166666667,23.198493055555556,23.199622685185183,23.200752314814814
pre_within_90_days,90,2023,all_non_A,discount,9,6,5,1,5,"[[""303680"",2023],[""1158850"",2023],[""1836120"",2023],[""2268470"",2023],[""2383710"",2023],[""2621900"",2023]]",5,0,0,1,5,1,0.009710648148148149,0.04258564814814815,0.09189814814814815,0.12931712962962963,0.1083449074074074,0.15269675925925927,0.1559398148148148,0.15702083333333333,0.15810185185185185
pre_within_90_days,90,2023,all_non_A,ambiguous,0,0,0,0,0,[],0,0,0,0,0,0,,,,,,,,,
pre_within_90_days,90,2023,all_non_A,missing,4,0,0,0,0,[],0,0,0,0,0,0,,,,,,,,,
pre_within_90_days,90,2023,B,full_price,0,0,0,0,0,[],0,0,0,0,0,0,,,,,,,,,
pre_within_90_days,90,2023,B,discount,1,1,0,1,0,"[[""2268470"",2023]]",0,0,0,1,0,1,,,,,,,,,
pre_within_90_days,90,2023,B,ambiguous,0,0,0,0,0,[],0,0,0,0,0,0,,,,,,,,,
pre_within_90_days,90,2023,B,missing,1,0,0,0,0,[],0,0,0,0,0,0,,,,,,,,,
pre_within_90_days,90,2023,C,full_price,0,0,0,0,0,[],0,0,0,0,0,0,,,,,,,,,
pre_within_90_days,90,2023,C,discount,0,0,0,0,0,[],0,0,0,0,0,0,,,,,,,,,
pre_within_90_days,90,2023,C,ambiguous,0,0,0,0,0,[],0,0,0,0,0,0,,,,,,,,,
pre_within_90_days,90,2023,C,missing,0,0,0,0,0,[],0,0,0,0,0,0,,,,,,,,,
pre_within_90_days,90,2023,D,full_price,32,2,2,0,2,"[[""1740720"",2023],[""2123430"",2023]]",0,2,0,0,2,0,23.178159722222222,23.18041898148148,23.18380787037037,23.18945601851852,23.18945601851852,23.195104166666667,23.198493055555556,23.199622685185183,23.200752314814814
pre_within_90_days,90,2023,D,discount,8,5,5,0,5,"[[""303680"",2023],[""1158850"",2023],[""1836120"",2023],[""2383710"",2023],[""2621900"",2023]]",5,0,0,0,5,0,0.009710648148148149,0.04258564814814815,0.09189814814814815,0.12931712962962963,0.1083449074074074,0.15269675925925927,0.1559398148148148,0.15702083333333333,0.15810185185185185
pre_within_90_days,90,2023,D,ambiguous,0,0,0,0,0,[],0,0,0,0,0,0,,,,,,,,,
pre_within_90_days,90,2023,D,missing,3,0,0,0,0,[],0,0,0,0,0,0,,,,,,,,,
pre_within_90_days,90,2024,all_non_A,full_price,31,5,5,0,2,"[[""8930"",2024],[""242960"",2024],[""303680"",2024],[""1063730"",2024],[""1465260"",2024]]",0,5,0,0,5,0,15.104398148148148,15.25450925925926,15.479675925925926,154.9728125,106.33375694444445,173.05594907407408,173.05594907407408,173.05594907407408,173.05594907407408
pre_within_90_days,90,2024,all_non_A,discount,6,4,4,0,4,"[[""7830"",2024],[""1239260"",2024],[""1257270"",2024],[""2650840"",2024]]",4,0,0,0,4,0,0.012407407407407407,0.016164351851851853,0.021799768518518517,0.029149305555555553,0.026018518518518517,0.033368055555555554,0.033368055555555554,0.033368055555555554,0.033368055555555554
pre_within_90_days,90,2024,all_non_A,ambiguous,0,0,0,0,0,[],0,0,0,0,0,0,,,,,,,,,
pre_within_90_days,90,2024,all_non_A,missing,3,0,0,0,0,[],0,0,0,0,0,0,,,,,,,,,
pre_within_90_days,90,2024,B,full_price,0,0,0,0,0,[],0,0,0,0,0,0,,,,,,,,,
pre_within_90_days,90,2024,B,discount,0,0,0,0,0,[],0,0,0,0,0,0,,,,,,,,,
pre_within_90_days,90,2024,B,ambiguous,0,0,0,0,0,[],0,0,0,0,0,0,,,,,,,,,
pre_within_90_days,90,2024,B,missing,0,0,0,0,0,[],0,0,0,0,0,0,,,,,,,,,
pre_within_90_days,90,2024,C,full_price,0,0,0,0,0,[],0,0,0,0,0,0,,,,,,,,,
pre_within_90_days,90,2024,C,discount,0,0,0,0,0,[],0,0,0,0,0,0,,,,,,,,,
pre_within_90_days,90,2024,C,ambiguous,0,0,0,0,0,[],0,0,0,0,0,0,,,,,,,,,
pre_within_90_days,90,2024,C,missing,0,0,0,0,0,[],0,0,0,0,0,0,,,,,,,,,
pre_within_90_days,90,2024,D,full_price,31,5,5,0,2,"[[""8930"",2024],[""242960"",2024],[""303680"",2024],[""1063730"",2024],[""1465260"",2024]]",0,5,0,0,5,0,15.104398148148148,15.25450925925926,15.479675925925926,154.9728125,106.33375694444445,173.05594907407408,173.05594907407408,173.05594907407408,173.05594907407408
pre_within_90_days,90,2024,D,discount,6,4,4,0,4,"[[""7830"",2024],[""1239260"",2024],[""1257270"",2024],[""2650840"",2024]]",4,0,0,0,4,0,0.012407407407407407,0.016164351851851853,0.021799768518518517,0.029149305555555553,0.026018518518518517,0.033368055555555554,0.033368055555555554,0.033368055555555554,0.033368055555555554
pre_within_90_days,90,2024,D,ambiguous,0,0,0,0,0,[],0,0,0,0,0,0,,,,,,,,,
pre_within_90_days,90,2024,D,missing,3,0,0,0,0,[],0,0,0,0,0,0,,,,,,,,,
pre_within_90_days,90,2025,all_non_A,full_price,30,6,4,2,4,"[[""219200"",2025],[""262470"",2025],[""1063730"",2025],[""1588760"",2025],[""1836120"",2025],[""2009420"",2025]]",0,4,0,2,4,2,12.01085648148148,13.51155787037037,15.762609953703704,30.533304398148147,36.533055555555556,51.30375,64.35435416666667,68.70455555555554,73.05475694444445
pre_within_90_days,90,2025,all_non_A,discount,7,5,5,0,5,"[[""8930"",2025],[""1158850"",2025],[""1239260"",2025],[""2205710"",2025],[""2650840"",2025]]",4,1,0,0,5,0,0.01258101851851852,0.020881944444444446,0.03333333333333333,0.0596412037037037,5.22643287037037,1.0134722222222223,15.413270833333335,20.2132037037037,25.013136574074075
pre_within_90_days,90,2025,all_non_A,ambiguous,0,0,0,0,0,[],0,0,0,0,0,0,,,,,,,,,
pre_within_90_days,90,2025,all_non_A,missing,3,0,0,0,0,[],0,0,0,0,0,0,,,,,,,,,
pre_within_90_days,90,2025,B,full_price,0,0,0,0,0,[],0,0,0,0,0,0,,,,,,,,,
pre_within_90_days,90,2025,B,discount,1,1,1,0,1,"[[""2205710"",2025]]",0,1,0,0,1,0,25.013136574074075,25.013136574074075,25.013136574074075,25.013136574074075,25.013136574074075,25.013136574074075,25.013136574074075,25.013136574074075,25.013136574074075
pre_within_90_days,90,2025,B,ambiguous,0,0,0,0,0,[],0,0,0,0,0,0,,,,,,,,,
pre_within_90_days,90,2025,B,missing,0,0,0,0,0,[],0,0,0,0,0,0,,,,,,,,,
pre_within_90_days,90,2025,C,full_price,0,0,0,0,0,[],0,0,0,0,0,0,,,,,,,,,
pre_within_90_days,90,2025,C,discount,0,0,0,0,0,[],0,0,0,0,0,0,,,,,,,,,
pre_within_90_days,90,2025,C,ambiguous,0,0,0,0,0,[],0,0,0,0,0,0,,,,,,,,,
pre_within_90_days,90,2025,C,missing,0,0,0,0,0,[],0,0,0,0,0,0,,,,,,,,,
pre_within_90_days,90,2025,D,full_price,30,6,4,2,4,"[[""219200"",2025],[""262470"",2025],[""1063730"",2025],[""1588760"",2025],[""1836120"",2025],[""2009420"",2025]]",0,4,0,2,4,2,12.01085648148148,13.51155787037037,15.762609953703704,30.533304398148147,36.533055555555556,51.30375,64.35435416666667,68.70455555555554,73.05475694444445
pre_within_90_days,90,2025,D,discount,6,4,4,0,4,"[[""8930"",2025],[""1158850"",2025],[""1239260"",2025],[""2650840"",2025]]",4,0,0,0,4,0,0.01258101851851852,0.018806712962962963,0.028145254629629628,0.04648726851851852,0.2797569444444445,0.29809895833333333,0.7273229166666669,0.8703975694444442,1.0134722222222223
pre_within_90_days,90,2025,D,ambiguous,0,0,0,0,0,[],0,0,0,0,0,0,,,,,,,,,
pre_within_90_days,90,2025,D,missing,3,0,0,0,0,[],0,0,0,0,0,0,,,,,,,,,
unrestricted,,all,all_non_A,full_price,93,93,29,64,29,"[[""7830"",2023],[""8930"",2023],[""8930"",2024],[""20710"",2024],[""202410"",2023],[""202410"",2024],[""202410"",2025],[""219200"",2025],[""242960"",2024],[""262470"",2025],[""282010"",2023],[""282010"",2024],[""282010"",2025],[""303680"",2024],[""314300"",2023],[""314300"",2024],[""314300"",2025],[""371450"",2023],[""371450"",2024],[""371450"",2025],[""449310"",2023],[""449310"",2024],[""449310"",2025],[""451950"",2023],[""451950"",2024],[""451950"",2025],[""595140"",2023],[""603210"",2023],[""603210"",2024],[""603210"",2025],[""646350"",2023],[""646350"",2024],[""646350"",2025],[""666120"",2023],[""666120"",2024],[""666120"",2025],[""745880"",2023],[""745880"",2024],[""745880"",2025],[""791800"",2023],[""806140"",2023],[""806140"",2024],[""806140"",2025],[""821720"",2023],[""965590"",2023],[""966000"",2023],[""966000"",2024],[""966000"",2025],[""1005530"",2023],[""1005530"",2024],[""1005530"",2025],[""1023370"",2023],[""1023370"",2024],[""1023370"",2025],[""1063730"",2023],[""1063730"",2024],[""1063730"",2025],[""1090250"",2024],[""1097370"",2023],[""1097370"",2024],[""1097370"",2025],[""1141280"",2023],[""1141280"",2024],[""1141280"",2025],[""1200900"",2023],[""1200900"",2024],[""1200900"",2025],[""1271420"",2023],[""1271420"",2024],[""1271420"",2025],[""1338570"",2023],[""1338570"",2024],[""1338570"",2025],[""1373180"",2025],[""1465260"",2024],[""1575230"",2023],[""1575230"",2024],[""1575230"",2025],[""1588760"",2025],[""1655440"",2024],[""1708340"",2023],[""1708340"",2024],[""1740720"",2023],[""1836120"",2025],[""2009420"",2025],[""2123430"",2023],[""2123430"",2025],[""2164880"",2023],[""2164880"",2024],[""2164880"",2025],[""2265760"",2023],[""2268470"",2024],[""2268470"",2025]]",4,25,0,64,29,64,12.01085648148148,15.231231481481482,17.013194444444444,23.410104166666667,105.70796336206897,166.9692476851852,330.13660648148146,378.3775509259259,469.2295023148148
unrestricted,,all,all_non_A,discount,22,22,15,7,15,"[[""7830"",2024],[""8930"",2025],[""228320"",2023],[""228320"",2024],[""228320"",2025],[""303680"",2023],[""1158850"",2023],[""1158850"",2025],[""1239260"",2024],[""1239260"",2025],[""1257270"",2024],[""1544810"",2023],[""1544810"",2024],[""1544810"",2025],[""1836120"",2023],[""1882420"",2023],[""2205710"",2025],[""2268470"",2023],[""2383710"",2023],[""2621900"",2023],[""2650840"",2024],[""2650840"",2025]]",14,1,0,7,15,7,0.009710648148148149,0.012476851851851852,0.029131944444444446,0.0596412037037037,1.794008487654321,0.14243055555555556,0.6713240740740738,8.213371527777753,25.013136574074075
unrestricted,,all,all_non_A,ambiguous,0,0,0,0,0,[],0,0,0,0,0,0,,,,,,,,,
unrestricted,,all,all_non_A,missing,10,10,1,9,0,"[[""1894600"",2023],[""1894600"",2024],[""1894600"",2025],[""2062610"",2023],[""2062610"",2024],[""2062610"",2025],[""2504210"",2023],[""2504210"",2024],[""2504210"",2025],[""2650840"",2023]]",1,0,0,9,1,9,7.606793981481482,7.606793981481482,7.606793981481482,7.606793981481482,7.606793981481482,7.606793981481482,7.606793981481482,7.606793981481482,7.606793981481482
unrestricted,,all,B,full_price,0,0,0,0,0,[],0,0,0,0,0,0,,,,,,,,,
unrestricted,,all,B,discount,2,2,1,1,1,"[[""2205710"",2025],[""2268470"",2023]]",0,1,0,1,1,1,25.013136574074075,25.013136574074075,25.013136574074075,25.013136574074075,25.013136574074075,25.013136574074075,25.013136574074075,25.013136574074075,25.013136574074075
unrestricted,,all,B,ambiguous,0,0,0,0,0,[],0,0,0,0,0,0,,,,,,,,,
unrestricted,,all,B,missing,1,1,1,0,0,"[[""2650840"",2023]]",1,0,0,0,1,0,7.606793981481482,7.606793981481482,7.606793981481482,7.606793981481482,7.606793981481482,7.606793981481482,7.606793981481482,7.606793981481482,7.606793981481482
unrestricted,,all,C,full_price,0,0,0,0,0,[],0,0,0,0,0,0,,,,,,,,,
unrestricted,,all,C,discount,0,0,0,0,0,[],0,0,0,0,0,0,,,,,,,,,
unrestricted,,all,C,ambiguous,0,0,0,0,0,[],0,0,0,0,0,0,,,,,,,,,
unrestricted,,all,C,missing,0,0,0,0,0,[],0,0,0,0,0,0,,,,,,,,,
unrestricted,,all,D,full_price,93,93,29,64,29,"[[""7830"",2023],[""8930"",2023],[""8930"",2024],[""20710"",2024],[""202410"",2023],[""202410"",2024],[""202410"",2025],[""219200"",2025],[""242960"",2024],[""262470"",2025],[""282010"",2023],[""282010"",2024],[""282010"",2025],[""303680"",2024],[""314300"",2023],[""314300"",2024],[""314300"",2025],[""371450"",2023],[""371450"",2024],[""371450"",2025],[""449310"",2023],[""449310"",2024],[""449310"",2025],[""451950"",2023],[""451950"",2024],[""451950"",2025],[""595140"",2023],[""603210"",2023],[""603210"",2024],[""603210"",2025],[""646350"",2023],[""646350"",2024],[""646350"",2025],[""666120"",2023],[""666120"",2024],[""666120"",2025],[""745880"",2023],[""745880"",2024],[""745880"",2025],[""791800"",2023],[""806140"",2023],[""806140"",2024],[""806140"",2025],[""821720"",2023],[""965590"",2023],[""966000"",2023],[""966000"",2024],[""966000"",2025],[""1005530"",2023],[""1005530"",2024],[""1005530"",2025],[""1023370"",2023],[""1023370"",2024],[""1023370"",2025],[""1063730"",2023],[""1063730"",2024],[""1063730"",2025],[""1090250"",2024],[""1097370"",2023],[""1097370"",2024],[""1097370"",2025],[""1141280"",2023],[""1141280"",2024],[""1141280"",2025],[""1200900"",2023],[""1200900"",2024],[""1200900"",2025],[""1271420"",2023],[""1271420"",2024],[""1271420"",2025],[""1338570"",2023],[""1338570"",2024],[""1338570"",2025],[""1373180"",2025],[""1465260"",2024],[""1575230"",2023],[""1575230"",2024],[""1575230"",2025],[""1588760"",2025],[""1655440"",2024],[""1708340"",2023],[""1708340"",2024],[""1740720"",2023],[""1836120"",2025],[""2009420"",2025],[""2123430"",2023],[""2123430"",2025],[""2164880"",2023],[""2164880"",2024],[""2164880"",2025],[""2265760"",2023],[""2268470"",2024],[""2268470"",2025]]",4,25,0,64,29,64,12.01085648148148,15.231231481481482,17.013194444444444,23.410104166666667,105.70796336206897,166.9692476851852,330.13660648148146,378.3775509259259,469.2295023148148
unrestricted,,all,D,discount,20,20,14,6,14,"[[""7830"",2024],[""8930"",2025],[""228320"",2023],[""228320"",2024],[""228320"",2025],[""303680"",2023],[""1158850"",2023],[""1158850"",2025],[""1239260"",2024],[""1239260"",2025],[""1257270"",2024],[""1544810"",2023],[""1544810"",2024],[""1544810"",2025],[""1836120"",2023],[""1882420"",2023],[""2383710"",2023],[""2621900"",2023],[""2650840"",2024],[""2650840"",2025]]",14,0,0,6,14,6,0.009710648148148149,0.012459490740740741,0.02703125,0.04650462962962963,0.13549933862433863,0.1314525462962963,0.15648032407407408,0.45748148148148116,1.0134722222222223
unrestricted,,all,D,ambiguous,0,0,0,0,0,[],0,0,0,0,0,0,,,,,,,,,
unrestricted,,all,D,missing,9,9,0,9,0,"[[""1894600"",2023],[""1894600"",2024],[""1894600"",2025],[""2062610"",2023],[""2062610"",2024],[""2062610"",2025],[""2504210"",2023],[""2504210"",2024],[""2504210"",2025]]",0,0,0,9,0,9,,,,,,,,,
unrestricted,,2023,all_non_A,full_price,32,32,14,18,14,"[[""7830"",2023],[""8930"",2023],[""202410"",2023],[""282010"",2023],[""314300"",2023],[""371450"",2023],[""449310"",2023],[""451950"",2023],[""595140"",2023],[""603210"",2023],[""646350"",2023],[""666120"",2023],[""745880"",2023],[""791800"",2023],[""806140"",2023],[""821720"",2023],[""965590"",2023],[""966000"",2023],[""1005530"",2023],[""1023370"",2023],[""1063730"",2023],[""1097370"",2023],[""1141280"",2023],[""1200900"",2023],[""1271420"",2023],[""1338570"",2023],[""1575230"",2023],[""1708340"",2023],[""1740720"",2023],[""2123430"",2023],[""2164880"",2023],[""2265760"",2023]]",3,11,0,18,14,18,15.554328703703703,23.03721064814815,23.083570601851854,23.30542824074074,147.82011574074073,286.54334780092597,380.5988981481482,415.9512366898148,469.2295023148148
unrestricted,,2023,all_non_A,discount,9,9,6,3,6,"[[""228320"",2023],[""303680"",2023],[""1158850"",2023],[""1544810"",2023],[""1836120"",2023],[""1882420"",2023],[""2268470"",2023],[""2383710"",2023],[""2621900"",2023]]",6,0,0,3,6,3,0.009710648148148149,0.05080439814814815,0.10125289351851852,0.13074074074074074,0.11231481481481481,0.1475636574074074,0.15539930555555556,0.1567505787037037,0.15810185185185185
unrestricted,,2023,all_non_A,ambiguous,0,0,0,0,0,[],0,0,0,0,0,0,,,,,,,,,
unrestricted,,2023,all_non_A,missing,4,4,1,3,0,"[[""1894600"",2023],[""2062610"",2023],[""2504210"",2023],[""2650840"",2023]]",1,0,0,3,1,3,7.606793981481482,7.606793981481482,7.606793981481482,7.606793981481482,7.606793981481482,7.606793981481482,7.606793981481482,7.606793981481482,7.606793981481482
unrestricted,,2023,B,full_price,0,0,0,0,0,[],0,0,0,0,0,0,,,,,,,,,
unrestricted,,2023,B,discount,1,1,0,1,0,"[[""2268470"",2023]]",0,0,0,1,0,1,,,,,,,,,
unrestricted,,2023,B,ambiguous,0,0,0,0,0,[],0,0,0,0,0,0,,,,,,,,,
unrestricted,,2023,B,missing,1,1,1,0,0,"[[""2650840"",2023]]",1,0,0,0,1,0,7.606793981481482,7.606793981481482,7.606793981481482,7.606793981481482,7.606793981481482,7.606793981481482,7.606793981481482,7.606793981481482,7.606793981481482
unrestricted,,2023,C,full_price,0,0,0,0,0,[],0,0,0,0,0,0,,,,,,,,,
unrestricted,,2023,C,discount,0,0,0,0,0,[],0,0,0,0,0,0,,,,,,,,,
unrestricted,,2023,C,ambiguous,0,0,0,0,0,[],0,0,0,0,0,0,,,,,,,,,
unrestricted,,2023,C,missing,0,0,0,0,0,[],0,0,0,0,0,0,,,,,,,,,
unrestricted,,2023,D,full_price,32,32,14,18,14,"[[""7830"",2023],[""8930"",2023],[""202410"",2023],[""282010"",2023],[""314300"",2023],[""371450"",2023],[""449310"",2023],[""451950"",2023],[""595140"",2023],[""603210"",2023],[""646350"",2023],[""666120"",2023],[""745880"",2023],[""791800"",2023],[""806140"",2023],[""821720"",2023],[""965590"",2023],[""966000"",2023],[""1005530"",2023],[""1023370"",2023],[""1063730"",2023],[""1097370"",2023],[""1141280"",2023],[""1200900"",2023],[""1271420"",2023],[""1338570"",2023],[""1575230"",2023],[""1708340"",2023],[""1740720"",2023],[""2123430"",2023],[""2164880"",2023],[""2265760"",2023]]",3,11,0,18,14,18,15.554328703703703,23.03721064814815,23.083570601851854,23.30542824074074,147.82011574074073,286.54334780092597,380.5988981481482,415.9512366898148,469.2295023148148
unrestricted,,2023,D,discount,8,8,6,2,6,"[[""228320"",2023],[""303680"",2023],[""1158850"",2023],[""1544810"",2023],[""1836120"",2023],[""1882420"",2023],[""2383710"",2023],[""2621900"",2023]]",6,0,0,2,6,2,0.009710648148148149,0.05080439814814815,0.10125289351851852,0.13074074074074074,0.11231481481481481,0.1475636574074074,0.15539930555555556,0.1567505787037037,0.15810185185185185
unrestricted,,2023,D,ambiguous,0,0,0,0,0,[],0,0,0,0,0,0,,,,,,,,,
unrestricted,,2023,D,missing,3,3,0,3,0,"[[""1894600"",2023],[""2062610"",2023],[""2504210"",2023]]",0,0,0,3,0,3,,,,,,,,,
unrestricted,,2024,all_non_A,full_price,31,31,10,21,10,"[[""8930"",2024],[""20710"",2024],[""202410"",2024],[""242960"",2024],[""282010"",2024],[""303680"",2024],[""314300"",2024],[""371450"",2024],[""449310"",2024],[""451950"",2024],[""603210"",2024],[""646350"",2024],[""666120"",2024],[""745880"",2024],[""806140"",2024],[""966000"",2024],[""1005530"",2024],[""1023370"",2024],[""1063730"",2024],[""1090250"",2024],[""1097370"",2024],[""1141280"",2024],[""1200900"",2024],[""1271420"",2024],[""1338570"",2024],[""1465260"",2024],[""1575230"",2024],[""1655440"",2024],[""1708340"",2024],[""2164880"",2024],[""2268470"",2024]]",1,9,0,21,10,21,15.104398148148148,15.104398148148148,15.317123842592592,56.39105902777777,77.38211574074074,140.98033854166667,173.05594907407408,173.05594907407408,173.05594907407408
unrestricted,,2024,all_non_A,discount,6,6,4,2,4,"[[""7830"",2024],[""228320"",2024],[""1239260"",2024],[""1257270"",2024],[""1544810"",2024],[""2650840"",2024]]",4,0,0,2,4,2,0.012407407407407407,0.016164351851851853,0.021799768518518517,0.029149305555555553,0.026018518518518517,0.033368055555555554,0.033368055555555554,0.033368055555555554,0.033368055555555554
unrestricted,,2024,all_non_A,ambiguous,0,0,0,0,0,[],0,0,0,0,0,0,,,,,,,,,
unrestricted,,2024,all_non_A,missing,3,3,0,3,0,"[[""1894600"",2024],[""2062610"",2024],[""2504210"",2024]]",0,0,0,3,0,3,,,,,,,,,
unrestricted,,2024,B,full_price,0,0,0,0,0,[],0,0,0,0,0,0,,,,,,,,,
unrestricted,,2024,B,discount,0,0,0,0,0,[],0,0,0,0,0,0,,,,,,,,,
unrestricted,,2024,B,ambiguous,0,0,0,0,0,[],0,0,0,0,0,0,,,,,,,,,
unrestricted,,2024,B,missing,0,0,0,0,0,[],0,0,0,0,0,0,,,,,,,,,
unrestricted,,2024,C,full_price,0,0,0,0,0,[],0,0,0,0,0,0,,,,,,,,,
unrestricted,,2024,C,discount,0,0,0,0,0,[],0,0,0,0,0,0,,,,,,,,,
unrestricted,,2024,C,ambiguous,0,0,0,0,0,[],0,0,0,0,0,0,,,,,,,,,
unrestricted,,2024,C,missing,0,0,0,0,0,[],0,0,0,0,0,0,,,,,,,,,
unrestricted,,2024,D,full_price,31,31,10,21,10,"[[""8930"",2024],[""20710"",2024],[""202410"",2024],[""242960"",2024],[""282010"",2024],[""303680"",2024],[""314300"",2024],[""371450"",2024],[""449310"",2024],[""451950"",2024],[""603210"",2024],[""646350"",2024],[""666120"",2024],[""745880"",2024],[""806140"",2024],[""966000"",2024],[""1005530"",2024],[""1023370"",2024],[""1063730"",2024],[""1090250"",2024],[""1097370"",2024],[""1141280"",2024],[""1200900"",2024],[""1271420"",2024],[""1338570"",2024],[""1465260"",2024],[""1575230"",2024],[""1655440"",2024],[""1708340"",2024],[""2164880"",2024],[""2268470"",2024]]",1,9,0,21,10,21,15.104398148148148,15.104398148148148,15.317123842592592,56.39105902777777,77.38211574074074,140.98033854166667,173.05594907407408,173.05594907407408,173.05594907407408
unrestricted,,2024,D,discount,6,6,4,2,4,"[[""7830"",2024],[""228320"",2024],[""1239260"",2024],[""1257270"",2024],[""1544810"",2024],[""2650840"",2024]]",4,0,0,2,4,2,0.012407407407407407,0.016164351851851853,0.021799768518518517,0.029149305555555553,0.026018518518518517,0.033368055555555554,0.033368055555555554,0.033368055555555554,0.033368055555555554
unrestricted,,2024,D,ambiguous,0,0,0,0,0,[],0,0,0,0,0,0,,,,,,,,,
unrestricted,,2024,D,missing,3,3,0,3,0,"[[""1894600"",2024],[""2062610"",2024],[""2504210"",2024]]",0,0,0,3,0,3,,,,,,,,,
unrestricted,,2025,all_non_A,full_price,30,30,5,25,5,"[[""202410"",2025],[""219200"",2025],[""262470"",2025],[""282010"",2025],[""314300"",2025],[""371450"",2025],[""449310"",2025],[""451950"",2025],[""603210"",2025],[""646350"",2025],[""666120"",2025],[""745880"",2025],[""806140"",2025],[""966000"",2025],[""1005530"",2025],[""1023370"",2025],[""1063730"",2025],[""1097370"",2025],[""1141280"",2025],[""1200900"",2025],[""1271420"",2025],[""1338570"",2025],[""1373180"",2025],[""1575230"",2025],[""1588760"",2025],[""1836120"",2025],[""2009420"",2025],[""2123430"",2025],[""2164880"",2025],[""2268470"",2025]]",0,5,0,25,5,25,12.01085648148148,14.011791666666667,17.013194444444444,44.05341435185185,44.44563194444444,73.05475694444445,74.87946527777778,75.4877013888889,76.0959375
unrestricted,,2025,all_non_A,discount,7,7,5,2,5,"[[""8930"",2025],[""228320"",2025],[""1158850"",2025],[""1239260"",2025],[""1544810"",2025],[""2205710"",2025],[""2650840"",2025]]",4,1,0,2,5,2,0.01258101851851852,0.020881944444444446,0.03333333333333333,0.0596412037037037,5.22643287037037,1.0134722222222223,15.413270833333335,20.2132037037037,25.013136574074075
unrestricted,,2025,all_non_A,ambiguous,0,0,0,0,0,[],0,0,0,0,0,0,,,,,,,,,
unrestricted,,2025,all_non_A,missing,3,3,0,3,0,"[[""1894600"",2025],[""2062610"",2025],[""2504210"",2025]]",0,0,0,3,0,3,,,,,,,,,
unrestricted,,2025,B,full_price,0,0,0,0,0,[],0,0,0,0,0,0,,,,,,,,,
unrestricted,,2025,B,discount,1,1,1,0,1,"[[""2205710"",2025]]",0,1,0,0,1,0,25.013136574074075,25.013136574074075,25.013136574074075,25.013136574074075,25.013136574074075,25.013136574074075,25.013136574074075,25.013136574074075,25.013136574074075
unrestricted,,2025,B,ambiguous,0,0,0,0,0,[],0,0,0,0,0,0,,,,,,,,,
unrestricted,,2025,B,missing,0,0,0,0,0,[],0,0,0,0,0,0,,,,,,,,,
unrestricted,,2025,C,full_price,0,0,0,0,0,[],0,0,0,0,0,0,,,,,,,,,
unrestricted,,2025,C,discount,0,0,0,0,0,[],0,0,0,0,0,0,,,,,,,,,
unrestricted,,2025,C,ambiguous,0,0,0,0,0,[],0,0,0,0,0,0,,,,,,,,,
unrestricted,,2025,C,missing,0,0,0,0,0,[],0,0,0,0,0,0,,,,,,,,,
unrestricted,,2025,D,full_price,30,30,5,25,5,"[[""202410"",2025],[""219200"",2025],[""262470"",2025],[""282010"",2025],[""314300"",2025],[""371450"",2025],[""449310"",2025],[""451950"",2025],[""603210"",2025],[""646350"",2025],[""666120"",2025],[""745880"",2025],[""806140"",2025],[""966000"",2025],[""1005530"",2025],[""1023370"",2025],[""1063730"",2025],[""1097370"",2025],[""1141280"",2025],[""1200900"",2025],[""1271420"",2025],[""1338570"",2025],[""1373180"",2025],[""1575230"",2025],[""1588760"",2025],[""1836120"",2025],[""2009420"",2025],[""2123430"",2025],[""2164880"",2025],[""2268470"",2025]]",0,5,0,25,5,25,12.01085648148148,14.011791666666667,17.013194444444444,44.05341435185185,44.44563194444444,73.05475694444445,74.87946527777778,75.4877013888889,76.0959375
unrestricted,,2025,D,discount,6,6,4,2,4,"[[""8930"",2025],[""228320"",2025],[""1158850"",2025],[""1239260"",2025],[""1544810"",2025],[""2650840"",2025]]",4,0,0,2,4,2,0.01258101851851852,0.018806712962962963,0.028145254629629628,0.04648726851851852,0.2797569444444445,0.29809895833333333,0.7273229166666669,0.8703975694444442,1.0134722222222223
unrestricted,,2025,D,ambiguous,0,0,0,0,0,[],0,0,0,0,0,0,,,,,,,,,
unrestricted,,2025,D,missing,3,3,0,3,0,"[[""1894600"",2025],[""2062610"",2025],[""2504210"",2025]]",0,0,0,3,0,3,,,,,,,,,
