AppID,Name,itad_game_id,lookup_status,history_status,history_record_count,earliest_history_timestamp,latest_history_timestamp,steam_record_count,unexpected_shop_record_count,null_deal_record_count,cache_path,country,requested_since,steam_shop_id,collected_at,cache_status,reason
7830,Men of War™,018d937e-f8c9-73d9-931e-bd3702fa5172,matched,history_received,66,2021-01-01T00:00:00Z,2026-07-09T17:17:12Z,66,0,0,data/raw/itad/7830.json,US,2021-01-01T00:00:00Z,61,2026-10-05T16:21:26.107131Z,valid,
8930,Sid Meier's Civilization® V,018d937e-fce3-7094-bf5f-033eef93575d,matched,history_received,30,2021-01-01T00:00:00Z,2026-10-01T19:36:18Z,30,0,0,data/raw/itad/8930.json,US,2021-01-01T00:00:00Z,61,2026-10-05T16:21:27.550295Z,valid,
9730,Tycoon City: New York,018d937e-efe9-721e-8d60-ae7710a3fb41,matched,history_received,82,2021-01-01T00:00:00Z,2026-10-01T19:03:08Z,82,0,0,data/raw/itad/9730.json,US,2021-01-01T00:00:00Z,61,2026-10-05T16:21:29.556460Z,valid,
15170,Heroes of Might & Magic V,018d937f-267d-7214-a569-f10a2f8f2948,matched,history_received,101,2021-01-01T00:00:00Z,2026-09-17T17:19:55Z,101,0,0,data/raw/itad/15170.json,US,2021-01-01T00:00:00Z,61,2026-10-05T16:30:53.735643Z,valid,
20710,Mr. Robot,018d937f-0482-72ab-b36c-62efebfdea87,matched,history_received,42,2021-01-01T00:00:00Z,2026-07-09T17:17:14Z,42,0,0,data/raw/itad/20710.json,US,2021-01-01T00:00:00Z,61,2026-10-05T16:30:55.266523Z,valid,
38210,Roogoo,018d937f-1f38-7227-829f-39d50122ab2d,matched,history_received,79,2021-01-01T00:00:00Z,2026-10-01T17:24:16Z,79,0,0,data/raw/itad/38210.json,US,2021-01-01T00:00:00Z,61,2026-10-05T16:30:57.220531Z,valid,
61600,Zen Bound 2,018d937e-fdd9-73ab-a0f2-a2da18b92326,matched,history_received,39,2021-01-01T00:00:00Z,2026-10-01T17:24:23Z,39,0,0,data/raw/itad/61600.json,US,2021-01-01T00:00:00Z,61,2026-10-05T16:30:59.280897Z,valid,
115320,Prototype 2,018d937f-24e8-70c4-bf50-dbe577881fde,matched,history_received,105,2021-01-01T00:00:00Z,2026-10-01T19:36:44Z,105,0,0,data/raw/itad/115320.json,US,2021-01-01T00:00:00Z,61,2026-10-05T16:31:01.231659Z,valid,
202410,Scoregasm,018d937f-15a6-70fb-a572-f37f2fc1a02d,matched,history_received,3,2021-01-01T00:00:00Z,2026-10-01T18:14:40Z,3,0,0,data/raw/itad/202410.json,US,2021-01-01T00:00:00Z,61,2026-10-05T16:31:03.308435Z,valid,
213670,South Park™: The Stick of Truth™,018d937e-ea28-7385-82ae-194da55d7217,matched,history_received,101,2021-01-01T00:00:00Z,2026-09-17T17:20:02Z,101,0,0,data/raw/itad/213670.json,US,2021-01-01T00:00:00Z,61,2026-10-05T16:31:05.214119Z,valid,
218740,Pid,018d937f-0fe2-70cc-889c-e4dfc20025e8,matched,history_received,57,2021-01-01T00:00:00Z,2026-10-01T17:24:43Z,57,0,0,data/raw/itad/218740.json,US,2021-01-01T00:00:00Z,61,2026-10-05T16:31:07.305693Z,valid,
219200,Droid Assault,018d937e-f4b4-700d-99ca-23529045fb23,matched,history_received,72,2021-01-01T00:00:00Z,2026-10-01T17:24:43Z,72,0,0,data/raw/itad/219200.json,US,2021-01-01T00:00:00Z,61,2026-10-05T16:31:09.276788Z,valid,
228320,A Valley Without Wind 2,018d937f-1d24-72ee-8a6e-52cd0de0921a,matched,history_received,7,2021-01-01T00:00:00Z,2021-03-08T18:21:39Z,7,0,0,data/raw/itad/228320.json,US,2021-01-01T00:00:00Z,61,2026-10-05T16:31:11.308058Z,valid,
234490,Rush Bros.,018d937e-fdbb-72b8-9e90-fa97aece050d,matched,history_received,51,2021-01-01T00:00:00Z,2026-10-01T17:24:45Z,51,0,0,data/raw/itad/234490.json,US,2021-01-01T00:00:00Z,61,2026-10-05T16:31:13.237883Z,valid,
242960,Blood Omen 2: Legacy of Kain,018d937e-f885-701c-8ce8-1710e63e0dce,matched,history_received,87,2021-01-01T00:00:00Z,2026-10-01T19:10:30Z,87,0,0,data/raw/itad/242960.json,US,2021-01-01T00:00:00Z,61,2026-10-05T16:31:15.276582Z,valid,
252490,Rust,018d937f-060f-705e-b364-8c5bba4d62f6,matched,history_received,89,2021-01-01T00:00:00Z,2026-10-01T20:06:14Z,89,0,0,data/raw/itad/252490.json,US,2021-01-01T00:00:00Z,61,2026-10-05T16:31:17.364021Z,valid,
262470,Rollers of the Realm,018d937f-0de6-7166-af51-0a0d977db15b,matched,history_received,48,2021-01-01T00:00:00Z,2026-08-24T17:28:54Z,48,0,0,data/raw/itad/262470.json,US,2021-01-01T00:00:00Z,61,2026-10-05T16:31:19.351373Z,valid,
270880,American Truck Simulator,018d937e-ffc6-7240-84fa-dc653171dc0f,matched,history_received,133,2021-01-01T00:00:00Z,2026-10-01T20:20:04Z,133,0,0,data/raw/itad/270880.json,US,2021-01-01T00:00:00Z,61,2026-10-05T16:31:21.303439Z,valid,
282010,Carmageddon Max Pack,018d937f-1339-70a2-83f3-bddda2cf238f,matched,history_received,8,2021-01-01T00:00:00Z,2021-03-05T18:21:14Z,8,0,0,data/raw/itad/282010.json,US,2021-01-01T00:00:00Z,61,2026-10-05T16:31:23.400599Z,valid,
292400,Unrest,018d937e-e9ec-7103-97a0-732d41098b0b,matched,history_received,49,2021-01-01T00:00:00Z,2026-10-01T17:25:14Z,49,0,0,data/raw/itad/292400.json,US,2021-01-01T00:00:00Z,61,2026-10-05T16:31:25.292573Z,valid,
303680,FATE: The Traitor Soul,018d937f-228c-73aa-b98b-862239246de6,matched,history_received,48,2021-01-01T00:00:00Z,2026-10-01T17:25:28Z,48,0,0,data/raw/itad/303680.json,US,2021-01-01T00:00:00Z,61,2026-10-05T16:31:27.337850Z,valid,
312520,Rain World,018d937f-2dc1-71a9-9039-0587a6445b86,matched,history_received,106,2021-01-01T00:00:00Z,2026-10-01T19:36:53Z,106,0,0,data/raw/itad/312520.json,US,2021-01-01T00:00:00Z,61,2026-10-05T16:31:29.351622Z,valid,
314300,CubeZ,018d937f-305e-703d-9228-6aaad68425fc,matched,history_received,1,2021-01-01T00:00:00Z,2021-01-01T00:00:00Z,1,0,0,data/raw/itad/314300.json,US,2021-01-01T00:00:00Z,61,2026-10-05T16:31:31.403285Z,valid,
331200,Grass Simulator,018d937f-0e93-71bf-acdd-f3d210c55c7f,matched,history_received,60,2021-01-01T00:00:00Z,2026-10-01T20:13:23Z,60,0,0,data/raw/itad/331200.json,US,2021-01-01T00:00:00Z,61,2026-10-05T16:31:33.319248Z,valid,
360430,Mafia III: Definitive Edition,018d937f-4292-724a-a13a-1f1da1652741,matched,history_received,125,2021-01-01T00:00:00Z,2026-10-01T18:47:34Z,125,0,0,data/raw/itad/360430.json,US,2021-01-01T00:00:00Z,61,2026-10-05T16:31:35.384794Z,valid,
363890,RPG Maker MV,018d937e-f01f-7381-b867-ca3373703bbb,matched,history_received,125,2021-01-01T00:00:00Z,2026-10-01T19:17:53Z,125,0,0,data/raw/itad/363890.json,US,2021-01-01T00:00:00Z,61,2026-10-05T16:31:37.453891Z,valid,
371450,Awe,018d937f-2202-7382-b668-61c8f4edebe3,matched,history_received,17,2021-01-01T00:00:00Z,2022-01-05T19:07:44Z,17,0,0,data/raw/itad/371450.json,US,2021-01-01T00:00:00Z,61,2026-10-05T16:31:39.503738Z,valid,
397310,Looterkings,018d937f-2b5d-72a1-bcab-bf4b97a69f9a,matched,history_received,123,2021-01-01T00:00:00Z,2026-06-03T17:18:56Z,123,0,0,data/raw/itad/397310.json,US,2021-01-01T00:00:00Z,61,2026-10-05T16:31:41.356354Z,valid,
418030,Subsistence,018d937f-2922-712d-a9da-8b35a1c825d5,matched,history_received,109,2021-01-01T00:00:00Z,2026-10-01T19:11:06Z,109,0,0,data/raw/itad/418030.json,US,2021-01-01T00:00:00Z,61,2026-10-05T16:31:43.573986Z,valid,
445220,Avorion,018d937f-1b06-7252-8c5b-7078cdec3bef,matched,history_received,55,2021-01-01T00:00:00Z,2026-10-01T17:24:43Z,55,0,0,data/raw/itad/445220.json,US,2021-01-01T00:00:00Z,61,2026-10-05T16:31:45.454870Z,valid,
449310,Spunk and Moxie,018d937f-039f-7326-bef5-01222c928627,matched,history_received,2,2021-01-01T00:00:00Z,2024-05-28T16:45:26Z,2,0,0,data/raw/itad/449310.json,US,2021-01-01T00:00:00Z,61,2026-10-05T16:31:47.418416Z,valid,
451950,EEP Train Simulator Mission,018d937f-1946-7164-bec3-34b1d95cc2a0,matched,history_received,6,2021-01-01T00:00:00Z,2023-07-13T17:19:23Z,6,0,0,data/raw/itad/451950.json,US,2021-01-01T00:00:00Z,61,2026-10-05T16:31:49.396790Z,valid,
528950,Nekuia,018d937f-03cc-726c-887b-bf5a634f7638,matched,history_received,115,2021-01-01T00:00:00Z,2026-10-01T19:18:16Z,115,0,0,data/raw/itad/528950.json,US,2021-01-01T00:00:00Z,61,2026-10-05T16:31:51.393230Z,valid,
536220,The Walking Dead: A New Frontier,018d937f-220f-71d1-b01d-96fa99605c1f,matched,history_received,82,2021-01-01T00:00:00Z,2026-10-01T18:45:20Z,82,0,0,data/raw/itad/536220.json,US,2021-01-01T00:00:00Z,61,2026-10-05T16:31:53.506413Z,valid,
582660,Black Desert,018d937e-f4b9-7080-816b-cf6e33e64534,matched,history_received,93,2021-01-01T00:00:00Z,2026-09-17T17:20:35Z,93,0,0,data/raw/itad/582660.json,US,2021-01-01T00:00:00Z,61,2026-10-05T16:31:55.462518Z,valid,
595140,Immortal Redneck,018d937f-2862-724c-9e1a-334446312eda,matched,history_received,46,2021-01-01T00:00:00Z,2026-10-01T17:25:54Z,46,0,0,data/raw/itad/595140.json,US,2021-01-01T00:00:00Z,61,2026-10-05T16:31:57.466571Z,valid,
603210,Valkyries,018d95f0-423e-70d8-9c61-5010c4800abe,matched,history_received,1,2021-01-01T00:00:00Z,2021-01-01T00:00:00Z,1,0,0,data/raw/itad/603210.json,US,2021-01-01T00:00:00Z,61,2026-10-05T16:31:59.442091Z,valid,
646350,Tracon!2012:SE,018d937f-0fae-7271-90d2-76dc2b432e2c,matched,history_received,32,2021-01-01T00:00:00Z,2023-03-23T17:50:07Z,32,0,0,data/raw/itad/646350.json,US,2021-01-01T00:00:00Z,61,2026-10-05T16:32:01.410820Z,valid,
666120,Dawn of the killer zombies,018d937f-3129-7061-b2c8-9a6febd3586c,matched,history_received,1,2021-01-01T00:00:00Z,2021-01-01T00:00:00Z,1,0,0,data/raw/itad/666120.json,US,2021-01-01T00:00:00Z,61,2026-10-05T16:32:03.436717Z,valid,
700600,Evil Genius 2: World Domination,018d937f-2bb6-701a-985f-3e0f4d91f2f7,matched,history_received,65,2021-02-16T15:21:16Z,2026-10-01T19:17:16Z,65,0,0,data/raw/itad/700600.json,US,2021-01-01T00:00:00Z,61,2026-10-05T16:32:05.450730Z,valid,
708430,Kamikaze Cube,018d937f-2498-717f-8bdf-e66d9dd3080b,matched,history_received,136,2021-01-01T00:00:00Z,2026-10-01T18:54:47Z,136,0,0,data/raw/itad/708430.json,US,2021-01-01T00:00:00Z,61,2026-10-05T16:32:07.506810Z,valid,
745880,Touhou Tenkuushou ~ Hidden Star in Four Seasons.,018d937f-4849-7027-8394-7377003c9fd0,matched,history_received,1,2021-01-01T00:00:00Z,2021-01-01T00:00:00Z,1,0,0,data/raw/itad/745880.json,US,2021-01-01T00:00:00Z,61,2026-10-05T16:32:09.584514Z,valid,
757320,Atomicrops,018d937f-382b-70b6-87f3-4559cf96381a,matched,history_received,123,2021-01-01T00:00:00Z,2026-10-01T19:04:17Z,123,0,0,data/raw/itad/757320.json,US,2021-01-01T00:00:00Z,61,2026-10-05T16:32:11.451206Z,valid,
791800,Mind Over Mushroom,018d937f-35a8-7081-8949-55f7f4601a7e,matched,history_received,39,2021-01-01T00:00:00Z,2026-10-01T17:37:22Z,39,0,0,data/raw/itad/791800.json,US,2021-01-01T00:00:00Z,61,2026-10-05T16:32:13.591129Z,valid,
799600,Cosmoteer: Starship Architect & Commander,018d937f-0110-702c-b9d4-3d61c54cf1c7,matched,history_received,73,2022-10-24T16:09:10Z,2026-10-01T19:18:49Z,73,0,0,data/raw/itad/799600.json,US,2021-01-01T00:00:00Z,61,2026-10-05T16:32:15.503527Z,valid,
806140,Achievements printer,018d937f-3457-7343-b88e-ef3ad28597a1,matched,history_received,6,2021-01-01T00:00:00Z,2021-02-15T18:22:48Z,6,0,0,data/raw/itad/806140.json,US,2021-01-01T00:00:00Z,61,2026-10-05T16:32:17.534559Z,valid,
809230,Unity of Command II,018d937f-1186-73d5-9d1a-a23c0f1aae62,matched,history_received,119,2021-01-01T00:00:00Z,2026-10-01T19:27:14Z,119,0,0,data/raw/itad/809230.json,US,2021-01-01T00:00:00Z,61,2026-10-05T16:32:19.478610Z,valid,
821720,20.000 Leagues Under The Sea - Captain Nemo,018d955f-ff0d-72c3-9646-0c0de0206f46,matched,history_received,115,2021-01-01T00:00:00Z,2026-10-01T19:26:49Z,115,0,0,data/raw/itad/821720.json,US,2021-01-01T00:00:00Z,61,2026-10-05T16:32:21.604445Z,valid,
826420,Dark Romance: Heart of the Beast Collector's Edition,018d937f-1590-7266-bec5-f05c1c7b32e8,matched,history_received,48,2021-01-01T00:00:00Z,2026-10-01T17:25:36Z,48,0,0,data/raw/itad/826420.json,US,2021-01-01T00:00:00Z,61,2026-10-05T16:32:23.605948Z,valid,
829590,CryoFall,018d937f-2ef6-725d-95ad-aeaaeb3d43b7,matched,history_received,125,2021-01-01T00:00:00Z,2026-10-01T19:26:19Z,125,0,0,data/raw/itad/829590.json,US,2021-01-01T00:00:00Z,61,2026-10-05T16:32:25.543447Z,valid,
887920,Maestro: Music from the Void Collector's Edition,018d937f-2b0b-7182-b9d9-dfd0b6286146,matched,history_received,47,2021-01-01T00:00:00Z,2026-10-01T17:46:03Z,47,0,0,data/raw/itad/887920.json,US,2021-01-01T00:00:00Z,61,2026-10-05T16:32:27.632830Z,valid,
965590,Sagrada,018d937f-3e9d-7136-912c-3b59c7ce55e2,matched,history_received,73,2021-01-01T00:00:00Z,2026-10-01T20:13:55Z,73,0,0,data/raw/itad/965590.json,US,2021-01-01T00:00:00Z,61,2026-10-05T16:32:29.558613Z,valid,
966000,Detective Sherlock Pug - Hidden Object. Relaxing games,018d937f-1ee1-73be-a070-1d7776912af8,matched,history_received,3,2021-01-01T00:00:00Z,2021-02-08T18:21:20Z,3,0,0,data/raw/itad/966000.json,US,2021-01-01T00:00:00Z,61,2026-10-05T16:32:31.585304Z,valid,
1005530,Club Soccer Director PRO 2020,018d937f-30d2-715a-99f6-e5bdbdc1003b,matched,history_received,1,2021-01-01T00:00:00Z,2021-01-01T00:00:00Z,1,0,0,data/raw/itad/1005530.json,US,2021-01-01T00:00:00Z,61,2026-10-05T17:06:32.342797Z,fetched,
1023370,Hentai Super Girl,018d937f-03aa-7360-bc60-99801b3cffa8,matched,history_received,1,2021-01-01T00:00:00Z,2021-01-01T00:00:00Z,1,0,0,data/raw/itad/1023370.json,US,2021-01-01T00:00:00Z,61,2026-10-05T17:03:07.418003Z,valid,
1063730,New World: Aeternum,01922190-306e-739b-bbfe-e5f0519e8684,matched,history_received,11,2021-01-01T00:00:00Z,2025-07-10T17:53:01Z,11,0,0,data/raw/itad/1063730.json,US,2021-01-01T00:00:00Z,61,2026-10-05T17:03:08.845901Z,valid,
1083210,符文女孩/Rune Girl,018d937f-1c87-735a-9dab-9bddb9fd4717,matched,history_received,124,2021-01-01T00:00:00Z,2026-10-01T19:10:30Z,124,0,0,data/raw/itad/1083210.json,US,2021-01-01T00:00:00Z,61,2026-10-05T17:03:10.874187Z,valid,
1090250,Crunch Element,018d937f-4b89-716a-b216-984a95ad8263,matched,history_received,48,2021-01-01T00:00:00Z,2026-07-09T18:50:36Z,48,0,0,data/raw/itad/1090250.json,US,2021-01-01T00:00:00Z,61,2026-10-05T17:03:13.023001Z,valid,
1097370,Paladin Lias,018d937f-43fe-7178-bf53-1e8a9448fab1,matched,history_received,8,2021-01-01T00:00:00Z,2021-03-08T18:21:32Z,8,0,0,data/raw/itad/1097370.json,US,2021-01-01T00:00:00Z,61,2026-10-05T17:03:14.921327Z,valid,
1141280,Super Space Slayer 2,018d937f-2d93-73e4-8808-a3907a771339,matched,history_received,1,2021-01-01T00:00:00Z,2021-01-01T00:00:00Z,1,0,0,data/raw/itad/1141280.json,US,2021-01-01T00:00:00Z,61,2026-10-05T17:03:16.880719Z,valid,
1158850,The Great Ace Attorney Chronicles,018d937f-504d-7247-b654-1a24b9655103,matched,history_received,86,2021-05-13T00:03:05Z,2026-10-01T19:53:11Z,86,0,0,data/raw/itad/1158850.json,US,2021-01-01T00:00:00Z,61,2026-10-05T17:03:18.885613Z,valid,
1200900,Crypto: Against All Odds - Tower Defense,018d937f-4cc1-728e-98ba-a7a039c4db07,matched,history_received,2,2021-03-02T17:07:14Z,2021-03-09T18:21:11Z,2,0,0,data/raw/itad/1200900.json,US,2021-01-01T00:00:00Z,61,2026-10-05T17:03:20.982018Z,valid,
1239260,Barro F,018d937f-3e1b-71c8-82aa-c10a13cf28cb,matched,history_received,116,2021-01-01T00:00:00Z,2026-09-26T17:17:52Z,116,0,0,data/raw/itad/1239260.json,US,2021-01-01T00:00:00Z,61,2026-10-05T17:03:22.904678Z,valid,
1249680,Ninshi Masuta,018d937f-3e83-718a-a3c8-6abe075f7f21,matched,history_received,57,2021-10-30T04:04:02Z,2026-10-01T17:37:09Z,57,0,0,data/raw/itad/1249680.json,US,2021-01-01T00:00:00Z,61,2026-10-05T17:03:25.025172Z,valid,
1257270,The Valley of Super Flowers,018d937f-3e9b-7245-b55f-da70466781ae,matched,history_received,129,2021-01-01T00:00:00Z,2026-10-01T19:18:59Z,129,0,0,data/raw/itad/1257270.json,US,2021-01-01T00:00:00Z,61,2026-10-05T17:03:26.974328Z,valid,
1271420,Chronicles of Honor,018d937f-4061-70fb-938a-6e10d31fa8ae,matched,history_received,3,2021-01-01T00:00:00Z,2021-04-13T16:03:10Z,3,0,0,data/raw/itad/1271420.json,US,2021-01-01T00:00:00Z,61,2026-10-05T17:03:29.058118Z,valid,
1338570,Sheng Tian (升天) - Episode 1,018d937f-435e-72d2-b078-9eb5f9e7d5f6,matched,history_received,1,2021-01-01T00:00:00Z,2021-01-01T00:00:00Z,1,0,0,data/raw/itad/1338570.json,US,2021-01-01T00:00:00Z,61,2026-10-05T17:03:30.931580Z,valid,
1373180,The Sea Hotel☆Umineko Tei,018d937f-442e-7347-a0b7-c0796964c7df,matched,history_received,41,2021-01-01T00:00:00Z,2026-10-01T17:37:02Z,41,0,0,data/raw/itad/1373180.json,US,2021-01-01T00:00:00Z,61,2026-10-05T17:03:32.933690Z,valid,
1413660,Elderand,018d937f-1af1-7328-a8ef-6ea0e16f68c9,matched,history_received,77,2023-02-16T15:03:18Z,2026-10-01T18:47:40Z,77,0,0,data/raw/itad/1413660.json,US,2021-01-01T00:00:00Z,61,2026-10-05T17:03:34.986130Z,valid,
1418360,Lonesome Village,018d937f-4696-72ea-8f13-e6087309e80f,matched,history_received,86,2022-11-01T12:57:15Z,2026-10-01T20:13:55Z,86,0,0,data/raw/itad/1418360.json,US,2021-01-01T00:00:00Z,61,2026-10-05T17:03:37.077359Z,valid,
1465260,Cyberpunk SFX,018d937f-4986-73a6-b6d8-6a34447db84e,matched,history_received,117,2021-01-01T00:00:00Z,2026-10-01T18:25:44Z,117,0,0,data/raw/itad/1465260.json,US,2021-01-01T00:00:00Z,61,2026-10-05T17:03:39.036166Z,valid,
1532510,Purrfect Apawcalypse: Love at Furst Bite,018d937f-4b69-7291-9c43-5df003ee6e5a,matched,history_received,28,2021-02-16T20:21:11Z,2026-10-01T17:44:55Z,28,0,0,data/raw/itad/1532510.json,US,2021-01-01T00:00:00Z,61,2026-10-05T17:03:41.072798Z,valid,
1544810,HANDMADE CARPROGRAM,018d937f-4cbb-70e0-b510-6653c4eb7dab,matched,history_received,2,2021-03-15T21:21:12Z,2021-03-16T18:49:07Z,2,0,0,data/raw/itad/1544810.json,US,2021-01-01T00:00:00Z,61,2026-10-05T17:03:42.995027Z,valid,
1560770,Tower of Waifus 2,018d937f-4ebe-730b-b986-b5efd6e33b36,matched,history_received,91,2021-06-18T04:50:16Z,2026-10-01T19:10:54Z,91,0,0,data/raw/itad/1560770.json,US,2021-01-01T00:00:00Z,61,2026-10-05T17:03:44.977178Z,valid,
1575230,Paid Trade,018d937f-4cfc-72a4-8155-6ff0323d86fb,matched,history_received,11,2021-03-29T18:48:09Z,2026-08-27T01:45:53Z,11,0,0,data/raw/itad/1575230.json,US,2021-01-01T00:00:00Z,61,2026-10-05T17:03:47.069290Z,valid,
1588760,Switchball HD,018d937f-5022-7144-b8b5-f2904ecdf9ac,matched,history_received,118,2021-05-17T16:48:12Z,2026-09-18T17:16:49Z,118,0,0,data/raw/itad/1588760.json,US,2021-01-01T00:00:00Z,61,2026-10-05T17:03:48.980738Z,valid,
1655440,Themes of Dark and Light,018d937f-5202-7234-8f00-87a4aa2aeea3,matched,history_received,36,2021-09-15T12:18:10Z,2026-03-26T17:54:37Z,36,0,0,data/raw/itad/1655440.json,US,2021-01-01T00:00:00Z,61,2026-10-05T17:03:51.129683Z,valid,
1708340,BlazingAngel Mistletear,018d937f-71d9-7159-ad78-c5ff722577ff,matched,history_received,16,2023-07-21T03:18:07Z,2026-10-01T17:44:46Z,16,0,0,data/raw/itad/1708340.json,US,2021-01-01T00:00:00Z,61,2026-10-05T17:03:53.038941Z,valid,
1740720,Have a Nice Death,018d937f-5dba-73c7-8029-e8b4ccc8ab9d,matched,history_received,65,2022-03-08T18:20:15Z,2026-10-01T18:54:48Z,65,0,0,data/raw/itad/1740720.json,US,2021-01-01T00:00:00Z,61,2026-10-05T17:03:55.014080Z,valid,
1785150,Friends vs Friends,018d937f-64ea-7038-8713-b32050145028,matched,history_received,80,2023-05-30T14:25:56Z,2026-10-01T20:05:54Z,80,0,0,data/raw/itad/1785150.json,US,2021-01-01T00:00:00Z,61,2026-10-05T17:03:57.053761Z,valid,
1836120,QUICKERFLAK,018d937f-5c53-72a8-91dd-bc53a379355e,matched,history_received,73,2022-01-12T18:12:56Z,2026-09-05T18:00:23Z,73,0,0,data/raw/itad/1836120.json,US,2021-01-01T00:00:00Z,61,2026-10-05T17:03:59.111962Z,valid,
1882420,Learn Programming: Python - Remake,018d937f-5d7e-7299-9ac8-ddf74e2e4c53,matched,history_received,39,2022-02-21T14:48:06Z,2026-10-01T19:35:55Z,39,0,0,data/raw/itad/1882420.json,US,2021-01-01T00:00:00Z,61,2026-10-05T17:04:01.094133Z,valid,
1894600,Monster,018d937f-27fe-719a-a2fc-b2c550dbe5cc,matched,empty_history,0,,,0,0,0,data/raw/itad/1894600.json,US,2021-01-01T00:00:00Z,61,2026-10-05T17:04:03.073967Z,valid,
2009420,Zaxterion: Space Frenzy!,018d937f-64ae-719b-8fb3-5c62a7f4e9ee,matched,history_received,68,2022-09-10T03:48:12Z,2026-02-07T08:31:02Z,68,0,0,data/raw/itad/2009420.json,US,2021-01-01T00:00:00Z,61,2026-10-05T17:04:05.052941Z,valid,
2062610,Phantom Club (CPC/Spectrum),018d97b7-106e-7125-a4d8-5344552de9e5,matched,empty_history,0,,,0,0,0,data/raw/itad/2062610.json,US,2021-01-01T00:00:00Z,61,2026-10-05T17:04:07.106522Z,valid,
2123430,BULLCRAP!,018d937f-7182-71af-8492-bafc9a30669a,matched,history_received,15,2023-10-05T06:07:46Z,2025-03-20T18:15:55Z,15,0,0,data/raw/itad/2123430.json,US,2021-01-01T00:00:00Z,61,2026-10-05T17:04:09.073751Z,valid,
2164880,Tilecraft,018d937f-665e-72d1-a8b7-1400887a714d,matched,history_received,6,2022-10-27T16:48:25Z,2026-01-20T01:30:25Z,6,0,0,data/raw/itad/2164880.json,US,2021-01-01T00:00:00Z,61,2026-10-05T17:04:11.099643Z,valid,
2205710,Hentai Beauty,018d937f-6745-7351-b89a-e3a23e030b11,matched,history_received,75,2022-11-22T15:03:21Z,2026-10-01T19:17:10Z,75,0,0,data/raw/itad/2205710.json,US,2021-01-01T00:00:00Z,61,2026-10-05T17:04:13.078375Z,valid,
2265760,Chosun Zombie Defense,018d937f-6b19-7068-8ed1-60e07b3feae1,matched,history_received,21,2023-02-10T07:03:19Z,2026-07-09T18:10:59Z,21,0,0,data/raw/itad/2265760.json,US,2021-01-01T00:00:00Z,61,2026-10-05T17:04:15.171272Z,valid,
2268470,HOPE LEFT ME,018d937f-6ba8-70fa-a2df-9567f766cb29,matched,history_received,5,2023-03-10T14:33:11Z,2023-11-25T18:24:20Z,5,0,0,data/raw/itad/2268470.json,US,2021-01-01T00:00:00Z,61,2026-10-05T17:04:17.151941Z,valid,
2270520,No Way Out,018d983f-158f-7247-8178-cd1bf888647d,matched,history_received,56,2023-03-03T17:18:15Z,2026-10-01T17:54:28Z,56,0,0,data/raw/itad/2270520.json,US,2021-01-01T00:00:00Z,61,2026-10-05T17:04:19.371887Z,valid,
2312170,pWordle,018d937f-6bd5-7161-b965-a0b0b4f58eef,matched,history_received,30,2023-03-21T22:58:43Z,2026-10-01T17:54:38Z,30,0,0,data/raw/itad/2312170.json,US,2021-01-01T00:00:00Z,61,2026-10-05T17:04:21.211187Z,valid,
2314050,Waifu Space Conquest,018d937f-6e94-72fe-8a0e-cbc61c8ec754,matched,history_received,55,2023-05-25T17:44:02Z,2026-10-01T18:54:39Z,55,0,0,data/raw/itad/2314050.json,US,2021-01-01T00:00:00Z,61,2026-10-05T17:04:23.175230Z,valid,
2383710,Caveman Ransom,018d937f-6e82-70b6-a484-a299187db275,matched,history_received,77,2023-05-22T17:22:28Z,2026-10-01T19:27:33Z,77,0,0,data/raw/itad/2383710.json,US,2021-01-01T00:00:00Z,61,2026-10-05T17:04:25.201098Z,valid,
2387820,Beach Gas Gas,018d937f-6d2d-7006-bfc7-d63a341c693b,matched,history_received,76,2023-05-03T11:00:13Z,2026-10-01T19:45:16Z,76,0,0,data/raw/itad/2387820.json,US,2021-01-01T00:00:00Z,61,2026-10-05T17:04:27.230924Z,valid,
2490910,富甲天下5,018d937f-7343-7215-9a0e-c8ef47954f91,matched,history_received,56,2023-08-10T08:03:10Z,2026-10-01T19:53:01Z,56,0,0,data/raw/itad/2490910.json,US,2021-01-01T00:00:00Z,61,2026-10-05T17:04:29.233446Z,valid,
2504210,The Leverage Game Business Edition,018d937f-7456-7396-b192-9e185b79ca1a,matched,empty_history,0,,,0,0,0,data/raw/itad/2504210.json,US,2021-01-01T00:00:00Z,61,2026-10-05T17:04:31.275957Z,valid,
2544720,Workplace Fantasy,018d937f-7514-7032-88a2-d8b13b2cff8c,matched,history_received,73,2023-10-11T03:48:09Z,2026-10-01T20:13:09Z,73,0,0,data/raw/itad/2544720.json,US,2021-01-01T00:00:00Z,61,2026-10-05T17:04:33.177351Z,valid,
2621900,Railway Islands 2 - Puzzle,018d937f-7606-72ce-bf4c-dcb788ff60c5,matched,history_received,63,2023-11-20T13:03:19Z,2026-10-01T19:27:22Z,63,0,0,data/raw/itad/2621900.json,US,2021-01-01T00:00:00Z,61,2026-10-05T17:04:35.261159Z,valid,
2650840,nekowater,018d937f-7820-71b5-a562-a229ba3c4d89,matched,history_received,55,2023-11-21T22:39:17Z,2026-10-01T20:06:19Z,55,0,0,data/raw/itad/2650840.json,US,2021-01-01T00:00:00Z,61,2026-10-05T17:04:37.248183Z,valid,
