AppID,Name,release_date,release_year,Estimated owners,Peak CCU,Required age,Price,Discount,DLC count,Supported languages,Full audio languages,Windows,Mac,Linux,Metacritic score,User score,Positive,Negative,Achievements,Recommendations,Average playtime forever,Average playtime two weeks,Median playtime forever,Median playtime two weeks,Developers,Publishers,Categories,Genres,Tags,pilot_release_era,pilot_price_band,pilot_owner_group,pilot_activity_group,pilot_publisher_portfolio_group,pilot_selection_reason
7830,Men of War™,2009-05-06,2009,500000 - 1000000,20,17,0.74,85,0,"['English', 'Russian', 'French', 'Italian', 'Spanish - Spain', 'German']","['English', 'Russian', 'French', 'Italian', 'Spanish - Spain', 'German']",True,False,False,80,0,3261,357,0,3202,1071,0,219,0,"Best Way,Digitalmindsoft",Fulqrum Publishing,"Single-player,Multi-player,Steam Cloud,Includes level editor,Family Sharing",Strategy,"Strategy,World War II,RTS,Tactical,Multiplayer,Military,Real Time Tactics,War,Realistic,Singleplayer,Co-op,Moddable,Action,Simulation,Historical,Level Editor,Mod,Shooter,Real-Time,Sandbox",Before 2015,Low price,"Popular (upper bound > 200,000)",Nonzero below high threshold,High portfolio,stratified_core
8930,Sid Meier's Civilization® V,2010-09-21,2010,10000000 - 20000000,12206,0,9.89,67,15,"['English', 'French', 'German', 'Italian', 'Spanish - Spain', 'Polish', 'Japanese', 'Korean', 'Russian', 'Traditional Chinese']","['English', 'French', 'German', 'Italian', 'Spanish - Spain', 'Traditional Chinese']",True,True,True,90,0,195724,8541,286,125922,8937,2028,2489,2203,"Firaxis Games,Aspyr (Mac),Aspyr (Linux)","2K,Aspyr (Mac),Aspyr (Linux)","Single-player,Multi-player,Steam Achievements,Steam Trading Cards,Steam Cloud,Remote Play on Tablet,Family Sharing",Strategy,"Turn-Based Strategy,Strategy,Turn-Based,Multiplayer,Historical,4X,Addictive,Singleplayer,Hex Grid,Grand Strategy,Replay Value,Co-op,Economy,Tactical,Diplomacy,Moddable,Simulation,Classic,Great Soundtrack,Touch-Friendly",Before 2015,High price,"Popular (upper bound > 200,000)",High activity,High portfolio,stratified_core
9730,Tycoon City: New York,2008-03-12,2008,20000 - 50000,1,0,1.99,80,0,['English'],[],True,False,False,67,0,112,160,0,224,180,0,351,0,Deep Red Games Ltd.,Atari,"Single-player,Family Sharing",Simulation,"Simulation,Management,City Builder",Before 2015,Lower-mid price,"Moderate (20,000 < upper bound <= 200,000)",Nonzero below high threshold,High portfolio,diversity_fill
15170,Heroes of Might & Magic V,2008-05-13,2008,500000 - 1000000,175,0,2.49,75,0,"['English', 'French', 'Italian', 'German', 'Spanish - Spain']",[],True,False,False,77,0,3354,461,0,3772,1559,168,320,168,Nival,Ubisoft,"Single-player,Family Sharing",Strategy,"Strategy,Turn-Based Strategy,Fantasy,RPG,Turn-Based,Tactical,Multiplayer,Classic,Singleplayer,Local Multiplayer,Magic,Story Rich,Adventure,Great Soundtrack,Base-Building,Co-op,Atmospheric,Turn-Based Combat,Female Protagonist,Replay Value",Before 2015,Lower-mid price,"Popular (upper bound > 200,000)",High activity,High portfolio,stratified_core
20710,Mr. Robot,2008-11-03,2008,20000 - 50000,0,0,1.99,75,0,['English'],[],True,False,False,83,0,71,17,13,0,629,0,930,0,Moonpod,Moonpod,"Single-player,Steam Achievements,Family Sharing","Action,Indie,Strategy","Indie,Strategy,Action,Puzzle,Sci-fi,Robots,RPG,Isometric",Before 2015,Lower-mid price,"Moderate (20,000 < upper bound <= 200,000)",Zero CCU,Small (1–2 titles),stratified_core
38210,Roogoo,2009-12-17,2009,50000 - 100000,0,0,0.79,80,0,['English'],[],True,False,False,72,0,267,69,0,232,370,0,732,0,Spidermonk Entertainment,,"Single-player,Multi-player,Family Sharing",Casual,"Casual,Puzzle,Indie",Before 2015,Low price,"Moderate (20,000 < upper bound <= 200,000)",Zero CCU,Missing,diversity_fill
61600,Zen Bound 2,2010-11-16,2010,50000 - 100000,0,0,0.74,0,0,['English'],[],True,True,True,0,0,497,80,11,282,28,0,27,0,Secret Exit Ltd.,Secret Exit Ltd.,"Single-player,Steam Achievements,Steam Cloud,Family Sharing","Indie,Casual","Puzzle,Casual,Indie,Relaxing,Singleplayer,3D",Before 2015,Low price,"Moderate (20,000 < upper bound <= 200,000)",Zero CCU,Middle portfolio,diversity_fill
115320,Prototype 2,2012-07-24,2012,1000000 - 2000000,144,17,7.99,80,1,"['English', 'French', 'German', 'Italian', 'Spanish - Spain']","['English', 'Spanish - Spain']",True,False,False,76,0,11376,3605,43,9954,776,0,490,0,Radical Entertainment,Activision,"Single-player,Steam Achievements,Steam Cloud,Stats,Steam Leaderboards,Family Sharing","Action,Adventure","Action,Open World,Gore,Superhero,Violent,Third Person,Singleplayer,Adventure,Zombies,Parkour,Hack and Slash,Sandbox,Sci-fi,Story Rich,RPG,Multiplayer,Horror,Stealth,Atmospheric,Co-op",Before 2015,High price,"Popular (upper bound > 200,000)",High activity,High portfolio,diversity_fill
202410,Scoregasm,2012-02-08,2012,20000 - 50000,0,0,4.99,0,1,['English'],[],True,True,False,0,0,117,24,19,0,80,0,52,0,RC Knight,Charlie's Games,"Single-player,Steam Achievements,Stats,Family Sharing","Action,Indie","Action,Indie,Twin Stick Shooter,Bullet Hell,Score Attack,Shoot 'Em Up",Before 2015,Upper-mid price,"Moderate (20,000 < upper bound <= 200,000)",Zero CCU,Small (1–2 titles),stratified_core
213670,South Park™: The Stick of Truth™,2014-03-03,2014,2000000 - 5000000,274,0,5.99,80,2,"['English', 'French', 'Italian', 'German', 'Spanish - Spain', 'Polish', 'Portuguese - Brazil', 'Russian']","['English', 'Russian']",True,False,False,0,0,66636,1669,50,58222,954,259,754,439,Obsidian Entertainment,Ubisoft,"Single-player,Steam Achievements,Full controller support,Remote Play on Phone,Remote Play on Tablet,Remote Play on TV,Family Sharing","Action,Adventure,RPG","RPG,Comedy,Adventure,Funny,Turn-Based,Dark Humor,Singleplayer,Action,Mature,2D,Satire,Nudity,Cartoon,Open World,Story Rich,Fantasy,Turn-Based Strategy,Epic,Zombies,JRPG",Before 2015,Upper-mid price,"Popular (upper bound > 200,000)",High activity,High portfolio,diversity_fill
218740,Pid,2012-10-31,2012,500000 - 1000000,1,0,2.99,85,1,"['English', 'German', 'French', 'Italian', 'Spanish - Spain']",[],True,True,False,0,0,2023,402,12,292,66,0,37,0,Might and Delight,Might and Delight,"Single-player,Multi-player,Co-op,Shared/Split Screen,Steam Achievements,Full controller support,Remote Play on TV,Remote Play Together,Family Sharing","Adventure,Indie","Indie,Puzzle-Platformer,Adventure,Platformer,Puzzle,Local Co-Op,Difficult,Singleplayer,Co-op,Great Soundtrack,Atmospheric,2D,Side Scroller,Stealth,Local Multiplayer,2.5D",Before 2015,Lower-mid price,"Popular (upper bound > 200,000)",Nonzero below high threshold,High portfolio,diversity_fill
219200,Droid Assault,2013-01-09,2013,100000 - 200000,0,0,4.29,0,0,['English'],['English'],True,True,True,0,0,305,65,35,267,238,0,150,0,Puppygames,Puppygames,"Single-player,Multi-player,Shared/Split Screen,Steam Achievements,Full controller support,Steam Trading Cards,Steam Cloud,Steam Leaderboards,Remote Play Together,Family Sharing","Action,Indie","Action,Indie,Arcade,Shooter,Retro,Top-Down,Sci-fi,Local Co-Op,Top-Down Shooter,Robots,Pixel Graphics,2D,Singleplayer",Before 2015,Upper-mid price,"Moderate (20,000 < upper bound <= 200,000)",Zero CCU,High portfolio,diversity_fill
228320,A Valley Without Wind 2,2013-02-18,2013,50000 - 100000,0,0,3.74,75,0,['English'],['English'],True,True,True,68,0,102,121,210,111,20,0,12,0,Arcen Games,Arcen Games,"Single-player,Multi-player,Co-op,Online Co-op,LAN Co-op,Cross-Platform Multiplayer,Steam Achievements,Partial Controller Support,Family Sharing","Action,Adventure,Indie,Strategy","Action,Indie,Strategy,Adventure,Platformer,Co-op,Procedural Generation,2D,Singleplayer,Sci-fi,Experimental,Fantasy,Side Scroller,Multiplayer,Metroidvania,Rogue-lite,Great Soundtrack,Exploration,Controller,Character Customization",Before 2015,Upper-mid price,"Moderate (20,000 < upper bound <= 200,000)",Zero CCU,High portfolio,diversity_fill
234490,Rush Bros.,2013-05-24,2013,100000 - 200000,0,0,0.99,90,0,"['English', 'German', 'French', 'Italian', 'Spanish - Spain', 'Russian', 'Portuguese - Portugal', 'Hungarian', 'Turkish', 'Finnish', 'Czech', 'Portuguese - Brazil']","['English', 'Portuguese - Brazil']",True,True,False,0,0,524,346,54,272,181,0,90,0,XYLA Entertainment,Digital Tribe,"Single-player,Multi-player,Shared/Split Screen,Cross-Platform Multiplayer,Steam Achievements,Full controller support,Steam Trading Cards,Steam Cloud,Steam Leaderboards,Remote Play Together,Family Sharing","Action,Indie,Racing","Indie,Racing,Platformer,Action,Music,Multiplayer,Local Co-Op,2D,Local Multiplayer,Split Screen,Side Scroller,Singleplayer",Before 2015,Low price,"Moderate (20,000 < upper bound <= 200,000)",Zero CCU,High portfolio,stratified_core
242960,Blood Omen 2: Legacy of Kain,2013-09-24,2013,0 - 0,0,17,0.97,0,0,['English'],['English'],True,False,False,0,0,0,0,0,1031,0,0,0,0,,Crystal Dynamics,"Single-player,Family Sharing",Action,,Before 2015,Low price,Zero/unknown,Zero CCU,High portfolio,edge_zero_owners
252490,Rust,2018-02-08,2018,20000000 - 50000000,143870,0,19.99,50,5,"['English', 'French', 'Italian', 'German', 'Spanish - Spain', 'Japanese', 'Korean', 'Russian', 'Simplified Chinese', 'Ukrainian', 'Polish', 'Portuguese - Portugal', 'Turkish', 'Arabic', 'Czech', 'Danish', 'Dutch', 'Finnish', 'Greek', 'Norwegian', 'Portuguese - Brazil', 'Spanish - Latin America', 'Swedish', 'Traditional Chinese', 'Vietnamese']","['English', 'French', 'Italian', 'German', 'Spanish - Spain', 'Japanese', 'Korean', 'Russian', 'Simplified Chinese', 'Ukrainian', 'Polish', 'Portuguese - Portugal', 'Turkish', 'Vietnamese']",True,True,False,69,0,1071135,156649,92,1081623,24264,1246,3044,373,Facepunch Studios,Facepunch Studios,"Multi-player,MMO,PvP,Online PvP,Co-op,Online Co-op,Cross-Platform Multiplayer,Steam Achievements,Steam Trading Cards,Steam Workshop,In-App Purchases,Valve Anti-Cheat enabled,Stats,Remote Play on Tablet","Action,Adventure,Indie,Massively Multiplayer,RPG","Survival,Crafting,Multiplayer,Open World,Open World Survival Craft,Building,PvP,Sandbox,Adventure,First-Person,Action,Nudity,FPS,Shooter,Co-op,Online Co-Op,Indie,Post-apocalyptic,Early Access,Simulation",2015–2018,High price,"Popular (upper bound > 200,000)",High activity,Small (1–2 titles),edge_high_activity
262470,Rollers of the Realm,2014-11-18,2014,100000 - 200000,0,0,9.99,0,1,"['English', 'French', 'Italian', 'German', 'Spanish - Spain']","['English', 'Spanish - Spain']",True,False,False,68,0,619,79,32,372,253,0,201,0,Phantom Compass,Phantom Compass,"Single-player,Steam Achievements,Full controller support,Steam Trading Cards,Steam Cloud,Steam Leaderboards,Remote Play on TV,Family Sharing","Action,Adventure,Casual,Indie,RPG","Pinball,RPG,Physics,Adventure,Puzzle,Casual,Indie,Action,Singleplayer,Controller,Arcade,Fantasy,Top-Down,Hack and Slash,Story Rich,Stylized,Funny,Medieval,Class-Based,Action RPG",Before 2015,High price,"Moderate (20,000 < upper bound <= 200,000)",Zero CCU,Small (1–2 titles),stratified_core
270880,American Truck Simulator,2016-02-02,2016,2000000 - 5000000,6742,0,4.99,75,58,"['English', 'French', 'Italian', 'German', 'Spanish - Spain', 'Bulgarian', 'Czech', 'Danish', 'Dutch', 'Finnish', 'Greek', 'Hungarian', 'Japanese', 'Korean', 'Norwegian', 'Polish', 'Portuguese - Portugal', 'Portuguese - Brazil', 'Romanian', 'Russian', 'Simplified Chinese', 'Swedish', 'Turkish', 'Ukrainian', 'Traditional Chinese', 'Catalan', 'Lithuanian', 'Serbian', 'Slovak', 'Slovenian']",[],True,True,True,76,0,169735,5552,125,155401,4161,374,816,211,SCS Software,SCS Software,"Single-player,Multi-player,Co-op,Online Co-op,Steam Achievements,Steam Trading Cards,Steam Workshop,Camera Comfort,Custom Volume Controls,Adjustable Difficulty,Keyboard Only Option,Playable without Timed Input,Save Anytime,Stereo Sound,Surround Sound,Partial Controller Support,Steam Cloud,Includes level editor,Remote Play Together,Family Sharing","Indie,Simulation","Automobile Sim,Driving,Open World,Transportation,Simulation,America,Realistic,Moddable,Relaxing,Exploration,Economy,Management,Atmospheric,Immersive Sim,Multiplayer,Singleplayer,Adventure,Casual,Family Friendly,Level Editor",2015–2018,Upper-mid price,"Popular (upper bound > 200,000)",High activity,High portfolio,stratified_core
282010,Carmageddon Max Pack,1997-06-30,1997,100000 - 200000,1,0,2.49,75,0,['English'],['English'],True,False,False,0,0,837,106,0,643,140,0,157,0,Stainless Games Ltd,THQ Nordic,"Single-player,Multi-player,Steam Trading Cards,Family Sharing","Action,Indie,Racing","Combat Racing,Racing,Gore,Action,Classic,Indie,Violent,1990's,Retro,Vehicular Combat,Multiplayer,Singleplayer,Great Soundtrack,Driving,Arcade,Female Protagonist",Before 2015,Lower-mid price,"Moderate (20,000 < upper bound <= 200,000)",Nonzero below high threshold,High portfolio,edge_oldest
292400,Unrest,2014-07-23,2014,0 - 20000,0,0,9.99,0,2,['English'],['English'],True,False,False,65,0,130,62,52,114,206,241,234,241,Pyrodactyl,Pyrodactyl,"Single-player,Steam Achievements,Steam Trading Cards,Captions available,Partial Controller Support,Steam Cloud,Family Sharing","Adventure,Indie,RPG","Choose Your Own Adventure,CRPG,Exploration,Interactive Fiction,Visual Novel,Point & Click,Walking Simulator,Female Protagonist,RPG,2D,Isometric,Third Person,Historical,Choices Matter,Conversation,Multiple Endings,Story Rich,Hand-drawn,Colorful,Fantasy",Before 2015,High price,"Low (upper bound <= 20,000)",Zero CCU,Middle portfolio,diversity_fill
303680,FATE: The Traitor Soul,2014-08-27,2014,50000 - 100000,12,0,3.99,0,0,['English'],['English'],True,False,False,0,0,509,40,10,514,829,0,802,0,WildTangent,"WildTangent,gamigo group","Single-player,Steam Achievements,Steam Trading Cards,Steam Cloud,Steam Leaderboards,Family Sharing","Action,Adventure,RPG","RPG,Action,Adventure,Dungeon Crawler,Action RPG,Hack and Slash,Singleplayer,Loot,Fantasy,Classic",Before 2015,Upper-mid price,"Moderate (20,000 < upper bound <= 200,000)",Nonzero below high threshold,High portfolio,stratified_core
312520,Rain World,2017-03-28,2017,1000000 - 2000000,836,0,8.74,65,5,"['English', 'Italian', 'Spanish - Spain', 'Portuguese - Brazil', 'French', 'German', 'Japanese', 'Korean', 'Russian', 'Simplified Chinese']",[],True,False,False,66,0,39787,2490,47,38554,1294,148,124,146,Videocult,Akupara Games,"Single-player,Multi-player,PvP,Shared/Split Screen PvP,Steam Achievements,Full controller support,Steam Trading Cards,Steam Workshop,Custom Volume Controls,Adjustable Difficulty,Keyboard Only Option,Stereo Sound,Steam Cloud,Remote Play on TV,Remote Play Together,Family Sharing","Action,Adventure,Indie","Difficult,Atmospheric,Survival,Exploration,Indie,Pixel Graphics,Platformer,2D,Post-apocalyptic,Open World,Adventure,2D Platformer,Cute,Survival Horror,Metroidvania,Physics,Singleplayer,Simulation,Souls-like,Action",2015–2018,High price,"Popular (upper bound > 200,000)",High activity,High portfolio,stratified_core
314300,CubeZ,2014-12-01,2014,0 - 20000,0,0,7.99,0,0,['English'],[],True,False,False,0,0,14,35,0,0,0,0,0,0,Imaekgames [Imaek Limited],Indie Developer,"Multi-player,Partial Controller Support,Family Sharing","Action,Adventure,Casual,Indie,Early Access","Indie,Adventure,Action,Casual,Early Access,Multiplayer",Before 2015,High price,"Low (upper bound <= 20,000)",Zero CCU,Middle portfolio,diversity_fill
331200,Grass Simulator,2015-04-01,2015,50000 - 100000,1,0,2.49,50,1,['English'],[],True,True,True,0,0,581,413,0,560,64,0,70,0,Daniel Davies,Daniel Davies,"Single-player,Multi-player,Co-op,Cross-Platform Multiplayer,Steam Trading Cards,Family Sharing","Adventure,Casual,Indie,Simulation","Indie,Memes,Casual,Walking Simulator,Simulation,First-Person,FPS,Adventure,Open World,Sandbox,Comedy,Exploration,Illuminati,Parody,Satire,Great Soundtrack,Gore,Relaxing,Anime,Survival Horror",2015–2018,Lower-mid price,"Moderate (20,000 < upper bound <= 200,000)",Nonzero below high threshold,Small (1–2 titles),stratified_core
360430,Mafia III: Definitive Edition,2020-05-19,2020,1000000 - 2000000,869,18,5.99,80,0,"['English', 'French', 'Italian', 'German', 'Spanish - Spain', 'Polish', 'Portuguese - Brazil', 'Czech', 'Russian', 'Japanese', 'Simplified Chinese', 'Traditional Chinese', 'Korean']","['English', 'French', 'Italian', 'German', 'Spanish - Spain', 'Korean']",True,True,False,0,0,32366,24142,85,38656,1376,1213,625,1974,"Hangar 13,Aspyr (Mac)","2K,Aspyr (Mac)","Single-player,Steam Achievements,Full controller support,Steam Trading Cards,Steam Cloud,Remote Play on Tablet,Remote Play on TV,Family Sharing","Action,Adventure","Crime,Open World,Action,Story Rich,Singleplayer,Third Person,Violent,Shooter,Atmospheric,Great Soundtrack,Third-Person Shooter,Adventure,Nudity,Stealth,Multiplayer,Classic,Mature,Sandbox,Gore,FPS",2019–2020,Upper-mid price,"Popular (upper bound > 200,000)",High activity,High portfolio,stratified_core
363890,RPG Maker MV,2015-10-23,2015,200000 - 500000,657,0,11.99,85,1066,"['English', 'French', 'Italian', 'German', 'Spanish - Spain', 'Portuguese - Brazil', 'Russian', 'Japanese', 'Korean', 'Traditional Chinese', 'Arabic', 'Simplified Chinese']",[],True,True,True,0,0,7542,748,0,7144,3040,1330,369,1330,"Gotcha Gotcha Games,KADOKAWA,Yoji Ojima",Gotcha Gotcha Games,"Steam Trading Cards,Steam Workshop,Partial Controller Support","RPG,Design & Illustration,Education,Web Publishing,Game Development","RPG,RPGMaker,Game Development,Anime,GameMaker,Design & Illustration,Web Publishing,JRPG,Software,2D,Singleplayer,Pixel Graphics,Action RPG,Education,Multiplayer,MMORPG,Sandbox",2015–2018,High price,"Popular (upper bound > 200,000)",High activity,High portfolio,edge_high_dlc
371450,Awe,2015-10-09,2015,20000 - 50000,0,0,0.99,0,0,"['English', 'French', 'Italian', 'German', 'Spanish - Spain']",[],True,True,False,0,0,185,73,18,207,126,0,146,0,Badland Development Studio,BadLand Publishing,"Single-player,Steam Achievements,Steam Trading Cards,Steam Cloud,Stats,Family Sharing","Casual,Indie","Casual,Indie,Puzzle,God Game,Colorful,Simulation,Atmospheric,Abstract,Minimalist,Building,Relaxing,Singleplayer,Free to Play",2015–2018,Low price,"Moderate (20,000 < upper bound <= 200,000)",Zero CCU,High portfolio,stratified_core
397310,Looterkings,2017-08-11,2017,0 - 20000,0,0,1.79,90,1,"['English', 'German', 'Spanish - Spain']","['English', 'Spanish - Spain']",True,False,False,0,0,341,127,25,342,395,0,716,0,Looterkings,Headup,"Single-player,Multi-player,PvP,Online PvP,Co-op,Online Co-op,Steam Achievements,Steam Cloud,Family Sharing","Action,Indie,RPG","Action,RPG,Indie,Co-op,Dungeon Crawler,Nudity,Loot,Rogue-like",2015–2018,Lower-mid price,"Low (upper bound <= 20,000)",Zero CCU,High portfolio,stratified_core
418030,Subsistence,2016-10-25,2016,500000 - 1000000,180,0,9.79,30,0,"['English', 'French', 'Italian', 'German', 'Spanish - Spain', 'Czech', 'Hungarian', 'Norwegian', 'Portuguese - Portugal', 'Portuguese - Brazil', 'Dutch', 'Russian', 'Turkish', 'Polish', 'Swedish', 'Danish', 'Romanian', 'Simplified Chinese', 'Japanese', 'Korean', 'Thai', 'Vietnamese', 'Ukrainian', 'Finnish', 'Greek', 'Latvian']",[],True,False,False,0,0,9481,3632,47,12124,1745,66,465,66,ColdGames,ColdGames,"Single-player,Multi-player,PvP,Online PvP,Co-op,Online Co-op,Steam Achievements,Full controller support,In-App Purchases,Steam Cloud,Family Sharing","Action,Early Access","Open World Survival Craft,Survival,Multiplayer,Crafting,Open World,Building,Base-Building,Sandbox,Co-op,Singleplayer,Early Access,Action,First-Person,Online Co-Op,Adventure,FPS,Difficult,Shooter,Nudity,Indie",2015–2018,High price,"Popular (upper bound > 200,000)",High activity,Small (1–2 titles),stratified_core
445220,Avorion,2020-03-09,2020,500000 - 1000000,618,0,9.99,60,4,"['English', 'German', 'Spanish - Spain', 'Russian', 'Simplified Chinese', 'Spanish - Latin America', 'French', 'Japanese', 'Portuguese - Brazil']","['English', 'German', 'Portuguese - Brazil']",True,True,True,0,0,12286,1328,68,12596,6522,2750,1137,3887,Boxelware,Boxelware,"Single-player,Multi-player,PvP,Online PvP,LAN PvP,Co-op,Online Co-op,LAN Co-op,Cross-Platform Multiplayer,Steam Achievements,Steam Trading Cards,Steam Workshop,Valve Anti-Cheat enabled,Stats,Family Sharing","Action,Indie,Simulation","Exploration,Sandbox,Space Sim,Building,Space,Flight,Open World,PvE,Choose Your Own Adventure,3D,Third Person,Sci-fi,Simulation,Economy,Spaceships,Voxel,Management,Trading,Vehicular Combat,Action RPG",2019–2020,High price,"Popular (upper bound > 200,000)",High activity,Small (1–2 titles),stratified_core
449310,Spunk and Moxie,2016-05-06,2016,0 - 20000,0,0,0.99,0,0,['English'],[],True,False,False,0,0,20,3,24,0,0,0,0,0,"Chocolate Homunculus,Tilt Studios",,"Single-player,Steam Achievements,Full controller support,Steam Cloud,Family Sharing","Action,Indie","Action,Indie,Platformer,Family Friendly,Difficult,Puzzle-Platformer,Female Protagonist",2015–2018,Low price,"Low (upper bound <= 20,000)",Zero CCU,Missing,edge_missing_publisher
451950,EEP Train Simulator Mission,2017-04-05,2017,0 - 20000,0,0,19.99,0,0,"['English', 'German']","['English', 'German']",True,False,False,0,0,3,12,0,0,0,0,0,0,Trend Redaktions- und Verlagsgesellschaft mbH,Trend Redaktions- und Verlagsgesellschaft mbH,"Single-player,Family Sharing","Simulation,Strategy","Simulation,Strategy",2015–2018,High price,"Low (upper bound <= 20,000)",Zero CCU,High portfolio,stratified_core
528950,Nekuia,2016-12-16,2016,0 - 20000,0,0,1.49,85,0,"['English', 'French']","['English', 'French']",True,False,False,0,0,16,6,17,0,243,0,243,0,Blue Gate,Plug In Digital,"Single-player,Steam Achievements,Full controller support,Steam Trading Cards,Steam Cloud,Family Sharing","Action,Adventure,Indie","Action,Indie,Adventure,Platformer",2015–2018,Lower-mid price,"Low (upper bound <= 20,000)",Zero CCU,High portfolio,stratified_core
536220,The Walking Dead: A New Frontier,2016-12-20,2016,1000000 - 2000000,110,17,1.49,90,0,"['English', 'French', 'German', 'Spanish - Spain', 'Arabic', 'Portuguese - Brazil', 'Russian', 'Simplified Chinese', 'Traditional Chinese']","['English', 'Traditional Chinese']",True,False,False,81,0,13947,2899,30,14746,909,0,503,0,Telltale Games,Skybound Games,"Single-player,Steam Achievements,Full controller support,Family Sharing",Adventure,"Zombies,Story Rich,Choices Matter,Adventure,Post-apocalyptic,Atmospheric,Episodic,Singleplayer,Survival,Gore,Action,Violent,Choose Your Own Adventure,Point & Click,Horror,Drama,Female Protagonist,Comic Book,Visual Novel,Casual",2015–2018,Lower-mid price,"Popular (upper bound > 200,000)",High activity,High portfolio,stratified_core
582660,Black Desert,2017-05-24,2017,5000000 - 10000000,14345,0,0.99,90,3,"['English', 'French', 'German', 'Spanish - Spain', 'Japanese', 'Russian', 'Thai', 'Turkish', 'Traditional Chinese', 'Portuguese - Brazil', 'Spanish - Latin America']","['English', 'Japanese', 'Russian', 'Traditional Chinese', 'Spanish - Latin America']",True,False,False,80,0,64416,22503,0,60756,11108,1755,243,433,Pearl Abyss,Pearl Abyss,"Multi-player,MMO,PvP,Online PvP,Co-op,Online Co-op,Steam Trading Cards,In-App Purchases,Partial Controller Support","Action,Adventure,Massively Multiplayer,RPG,Strategy","MMORPG,Massively Multiplayer,Open World,Character Customization,RPG,Adventure,Fantasy,Action,3D,Strategy,Multiplayer,Medieval,Crafting,Magic,Atmospheric,Simulation,PvP,Cooking,Combat,War",2015–2018,Low price,"Popular (upper bound > 200,000)",High activity,Small (1–2 titles),stratified_core
595140,Immortal Redneck,2017-04-25,2017,20000 - 50000,7,0,1.99,0,2,"['English', 'French', 'German', 'Spanish - Spain', 'Japanese', 'Portuguese - Brazil', 'Russian', 'Portuguese - Portugal', 'Simplified Chinese', 'Polish', 'Korean']","['English', 'Korean']",True,True,True,70,0,2880,315,44,2154,434,0,303,0,Crema,Crema,"Single-player,Steam Achievements,Full controller support,Steam Trading Cards,Captions available,Camera Comfort,Custom Volume Controls,Playable without Timed Input,Save Anytime,Stereo Sound,Steam Cloud,Remote Play on TV,Family Sharing","Action,Indie","Boomer Shooter,FPS,Action Roguelike,Fast-Paced,Procedural Generation,Rogue-lite,Action,Indie,Shooter,Singleplayer,First-Person,Difficult,Perma Death,Funny,Rogue-like,Arena Shooter,Bullet Hell,Class-Based,Replay Value,3D",2015–2018,Lower-mid price,"Moderate (20,000 < upper bound <= 200,000)",Nonzero below high threshold,Small (1–2 titles),stratified_core
603210,Valkyries,2018-09-17,2018,0 - 20000,0,0,1.99,0,0,['English'],[],True,False,False,0,0,0,0,0,0,0,0,0,0,Heartomics,Heartomics,"Single-player,Steam Trading Cards,Family Sharing",,,2015–2018,Lower-mid price,"Low (upper bound <= 20,000)",Zero CCU,High portfolio,edge_missing_genres
646350,Tracon!2012:SE,2018-02-08,2018,0 - 20000,0,0,34.99,0,7,['English'],['English'],True,False,False,0,0,9,9,0,0,0,0,0,0,FeelThere,FeelThere,"Single-player,Family Sharing","Indie,Simulation","Simulation,Indie",2015–2018,High price,"Low (upper bound <= 20,000)",Zero CCU,High portfolio,stratified_core
666120,Dawn of the killer zombies,2017-07-08,2017,0 - 20000,0,0,4.99,0,0,['English'],['English'],True,True,False,0,0,1,6,0,0,0,0,0,0,Theodor Niklas,Theodor Niklas,"Single-player,Multi-player,Family Sharing","Violent,Gore,Action,Adventure","Adventure,Action,Gore,Violent",2015–2018,Upper-mid price,"Low (upper bound <= 20,000)",Zero CCU,High portfolio,stratified_core
700600,Evil Genius 2: World Domination,2021-03-30,2021,500000 - 1000000,151,0,3.99,90,10,"['English', 'French', 'Italian', 'German', 'Spanish - Spain', 'Portuguese - Brazil', 'Russian', 'Simplified Chinese', 'Traditional Chinese']","['English', 'Traditional Chinese']",True,False,False,0,0,8703,3938,90,10995,1629,0,641,0,Rebellion,Rebellion,"Single-player,Steam Achievements,Full controller support,Steam Trading Cards,Steam Cloud,Family Sharing","Simulation,Strategy","Strategy,Base-Building,Villain Protagonist,Simulation,Building,Management,Sandbox,Singleplayer,Resource Management,Violent,Funny,Memes,RTS,Sequel,Cartoony,Great Soundtrack,Comedy,Crime,Female Protagonist,Multiplayer",2021–2022,Upper-mid price,"Popular (upper bound > 200,000)",High activity,High portfolio,stratified_core
708430,Kamikaze Cube,2017-09-15,2017,0 - 20000,0,0,0.49,0,0,"['English', 'Russian']",[],True,False,False,0,0,33,58,24,0,2,0,2,0,Nikita Ghost_RUS,Ghost_RUS Games,"Single-player,Steam Achievements,Family Sharing","Adventure,Indie","Adventure,Indie",2015–2018,Low price,"Low (upper bound <= 20,000)",Zero CCU,High portfolio,stratified_core
745880,Touhou Tenkuushou ~ Hidden Star in Four Seasons.,2017-11-17,2017,50000 - 100000,6,0,14.99,0,0,['Japanese'],[],True,False,False,0,0,4428,68,0,4280,301,0,248,0,上海アリス幻樂団,"Mediascape Co., Ltd.","Single-player,Partial Controller Support,Steam Cloud,Family Sharing","Action,Indie","Bullet Hell,Great Soundtrack,Difficult,Shoot 'Em Up,Female Protagonist,Indie,Singleplayer,Faith,Cute,Arcade,2D,Fantasy,Lore-Rich,Story Rich,Cult Classic,Anime,Action,Casual,Family Friendly,Shooter",2015–2018,High price,"Moderate (20,000 < upper bound <= 200,000)",Nonzero below high threshold,High portfolio,stratified_core
757320,Atomicrops,2020-09-17,2020,200000 - 500000,106,0,2.99,80,6,"['English', 'French', 'Italian', 'German', 'Spanish - Spain', 'Arabic', 'Czech', 'Korean', 'Polish', 'Portuguese - Portugal', 'Portuguese - Brazil', 'Russian', 'Simplified Chinese', 'Spanish - Latin America', 'Traditional Chinese', 'Turkish', 'Ukrainian']",[],True,False,False,78,0,5218,442,26,4853,668,0,219,0,Bird Bath Games,Raw Fury,"Single-player,Steam Achievements,Full controller support,Steam Cloud,Family Sharing","Action,Indie","Action,Indie,Rogue-like,Farming Sim,Bullet Hell,Action Roguelike,Rogue-lite,Pixel Graphics,Twin Stick Shooter,Survival,Simulation,Colorful,Agriculture,Combat,Gun Customization,Perma Death,Open World,Singleplayer,PvE,Cats",2019–2020,Lower-mid price,"Popular (upper bound > 200,000)",High activity,High portfolio,stratified_core
791800,Mind Over Mushroom,2018-08-17,2018,0 - 20000,0,0,3.74,0,0,['English'],[],True,False,False,0,0,9,1,19,0,0,0,0,0,Binary Jellyfish,Binary Jellyfish,"Single-player,Steam Achievements,Family Sharing",Strategy,"Turn-Based Tactics,Turn-Based Strategy,Turn-Based,Turn-Based Combat,Strategy,3D,Stylized,Colorful,Fantasy,Tactical,Medieval,Combat,Singleplayer,Indie",2015–2018,Upper-mid price,"Low (upper bound <= 20,000)",Zero CCU,Small (1–2 titles),stratified_core
799600,Cosmoteer: Starship Architect & Commander,2022-10-24,2022,500000 - 1000000,482,0,13.99,30,0,"['English', 'French', 'German', 'Portuguese - Brazil', 'Russian', 'Simplified Chinese', 'Spanish - Latin America', 'Spanish - Spain', 'Japanese']",[],True,False,False,0,0,10618,553,0,11354,2469,82,1120,150,Walternate Realities,Walternate Realities,"Single-player,Multi-player,PvP,Online PvP,LAN PvP,Co-op,Online Co-op,LAN Co-op,Steam Workshop,Camera Comfort,Color Alternatives,Custom Volume Controls,Adjustable Difficulty,Playable without Timed Input,Save Anytime,Steam Cloud,Family Sharing","Simulation,Strategy,Early Access","Sci-fi,Singleplayer,2D,Indie,Space,Building,Strategy,Exploration,Space Sim,Difficult,Survival,Multiplayer,Online Co-Op,Simulation,Atmospheric,Adventure,Pixel Graphics,Real-Time with Pause,Spaceships,Early Access",2021–2022,High price,"Popular (upper bound > 200,000)",High activity,Small (1–2 titles),stratified_core
806140,Achievements printer,2018-03-02,2018,500000 - 1000000,4,0,0.49,0,0,"['English', 'French', 'Italian', 'German', 'Spanish - Spain', 'Arabic', 'Bulgarian', 'Portuguese - Brazil', 'Hungarian', 'Vietnamese', 'Greek', 'Danish', 'Indonesian', 'Spanish - Latin America', 'Traditional Chinese', 'Simplified Chinese', 'Korean', 'Dutch', 'Norwegian', 'Polish', 'Portuguese - Portugal', 'Romanian', 'Russian', 'Thai', 'Turkish', 'Ukrainian', 'Finnish', 'Czech', 'Swedish', 'Japanese', 'Azerbaijani', 'Albanian', 'Amharic', 'Armenian', 'Assamese', 'Afrikaans', 'Basque', 'Belarusian', 'Bangla', 'Bosnian', 'Valencian', 'Welsh', 'Wolof', 'Galician', 'Georgian', 'Gujarati', 'Dari', 'Zulu', 'Hebrew', 'Igbo', 'Irish', 'Icelandic', 'Yoruba', 'Kazakh', 'Kannada', 'Catalan', 'Quechua', 'Kinyarwanda', K'iche', 'Konkani', 'Xhosa', 'Khmer', 'Kyrgyz', 'Latvian', 'Lithuanian', 'Luxembourgish', 'Macedonian', 'Malay', 'Malayalam', 'Maltese', 'Maori', 'Marathi', 'Mongolian', 'Nepali', 'Odia', 'Punjabi (Gurmukhi)', 'Punjabi (Shahmukhi)', 'Persian', 'Serbian', 'Sotho', 'Sinhala', 'Sindhi', 'Slovak', 'Slovenian', 'Sorani', 'Swahili', 'Tajik', 'Tamil', 'Tatar', 'Telugu', 'Tigrinya', 'Tswana', 'Turkmen', 'Uzbek', 'Uyghur', 'Urdu', 'Filipino', 'Hausa', 'Hindi', 'Croatian', 'Cherokee', 'Scots', 'Estonian']","['English', 'French', 'Italian', 'German', 'Spanish - Spain', 'Arabic', 'Bulgarian', 'Portuguese - Brazil', 'Hungarian', 'Vietnamese', 'Greek', 'Danish', 'Indonesian', 'Spanish - Latin America', 'Traditional Chinese', 'Simplified Chinese', 'Korean', 'Dutch', 'Norwegian', 'Polish', 'Portuguese - Portugal', 'Romanian', 'Russian', 'Thai', 'Turkish', 'Ukrainian', 'Finnish', 'Czech', 'Swedish', 'Japanese', 'Azerbaijani', 'Albanian', 'Amharic', 'Armenian', 'Assamese', 'Afrikaans', 'Basque', 'Belarusian', 'Bangla', 'Bosnian', 'Valencian', 'Welsh', 'Wolof', 'Galician', 'Georgian', 'Gujarati', 'Dari', 'Zulu', 'Hebrew', 'Igbo', 'Irish', 'Icelandic', 'Yoruba', 'Kazakh', 'Kannada', 'Catalan', 'Quechua', 'Kinyarwanda', K'iche', 'Konkani', 'Xhosa', 'Khmer', 'Kyrgyz', 'Latvian', 'Lithuanian', 'Luxembourgish', 'Macedonian', 'Malay', 'Malayalam', 'Maltese', 'Maori', 'Marathi', 'Mongolian', 'Nepali', 'Odia', 'Punjabi (Gurmukhi)', 'Punjabi (Shahmukhi)', 'Persian', 'Serbian', 'Sotho', 'Sinhala', 'Sindhi', 'Slovak', 'Slovenian', 'Sorani', 'Swahili', 'Tajik', 'Tamil', 'Tatar', 'Telugu', 'Tigrinya', 'Tswana', 'Turkmen', 'Uzbek', 'Uyghur', 'Urdu', 'Filipino', 'Hausa', 'Hindi', 'Croatian', 'Cherokee', 'Scots', 'Estonian']",True,False,False,0,0,967,206,3003,1410,153,0,137,0,Easy game,Game for people,"Single-player,Steam Achievements,Steam Trading Cards,Family Sharing","Action,Casual,Indie,Sports","Casual,Indie,Sports,Action",2015–2018,Low price,"Popular (upper bound > 200,000)",Nonzero below high threshold,High portfolio,stratified_core
809230,Unity of Command II,2019-11-12,2019,100000 - 200000,49,0,4.49,85,12,"['English', 'German', 'Russian', 'Simplified Chinese']",[],True,True,True,88,0,1529,367,10,1878,4484,0,1260,0,"2x2 Games,Croteam",2x2 Games,"Single-player,Multi-player,PvP,Shared/Split Screen PvP,Shared/Split Screen,Steam Achievements,Steam Trading Cards,Steam Workshop,Steam Cloud,Remote Play Together,Family Sharing","Indie,Simulation,Strategy","Strategy,World War II,Simulation,Turn-Based,Indie,Grand Strategy,Wargame,Turn-Based Strategy,Military,Hex Grid,War,Turn-Based Combat,Historical,Singleplayer,Turn-Based Tactics,Alternate History,Tactical,Action,Multiplayer,Puzzle",2019–2020,Upper-mid price,"Moderate (20,000 < upper bound <= 200,000)",Nonzero below high threshold,Small (1–2 titles),stratified_core
821720,20.000 Leagues Under The Sea - Captain Nemo,2018-03-15,2018,20000 - 50000,0,0,0.79,60,0,"['English', 'French', 'Italian', 'German', 'Spanish - Spain']",[],True,False,False,0,0,36,17,0,0,0,0,0,0,Mzonestudio,M.INDIE,"Single-player,Family Sharing","Adventure,Casual","Casual,Adventure,Hidden Object",2015–2018,Low price,"Moderate (20,000 < upper bound <= 200,000)",Zero CCU,High portfolio,stratified_core
826420,Dark Romance: Heart of the Beast Collector's Edition,2018-04-06,2018,0 - 20000,1,0,4.99,0,0,"['English', 'French', 'German']","['English', 'German']",True,False,False,0,0,21,3,24,0,0,0,0,0,Domini Games,BFG Entertainment,"Single-player,Steam Achievements,Family Sharing","Adventure,Casual","Adventure,Casual,Hidden Object",2015–2018,Upper-mid price,"Low (upper bound <= 20,000)",Nonzero below high threshold,High portfolio,stratified_core
829590,CryoFall,2021-04-29,2021,200000 - 500000,101,0,1.99,90,2,"['English', 'French', 'German', 'Spanish - Spain', 'Portuguese - Brazil', 'Russian', 'Korean', 'Simplified Chinese', 'Traditional Chinese', 'Japanese', 'Polish', 'Turkish']",[],True,False,False,0,0,4856,1311,52,4808,2126,0,227,0,AtomicTorch Studio,Daedalic Entertainment,"Single-player,Multi-player,MMO,PvP,Online PvP,LAN PvP,Co-op,Online Co-op,LAN Co-op,Steam Achievements,Steam Trading Cards,Steam Cloud,Includes level editor","Action,Adventure,Indie,Massively Multiplayer,RPG,Simulation,Strategy","Colony Sim,Crafting,PvE,Base-Building,PvP,Survival,Open World Survival Craft,Sandbox,Mining,Agriculture,Building,Fishing,Management,Mechs,2D,Character Customization,Open World,RPG,Economy,Space",2021–2022,Lower-mid price,"Popular (upper bound > 200,000)",High activity,High portfolio,stratified_core
887920,Maestro: Music from the Void Collector's Edition,2018-07-11,2018,0 - 20000,0,0,4.99,50,0,['English'],['English'],True,False,False,0,0,4,0,0,0,0,0,0,0,AMAX Interactive,BFG Entertainment,"Single-player,Family Sharing","Adventure,Casual","Adventure,Casual,Hidden Object",2015–2018,Upper-mid price,"Low (upper bound <= 20,000)",Zero CCU,High portfolio,stratified_core
965590,Sagrada,2020-03-31,2020,20000 - 50000,9,0,2.99,0,0,"['English', 'French', 'Italian', 'German', 'Spanish - Spain']",[],True,True,False,0,0,352,16,29,289,186,0,335,0,Dire Wolf,Dire Wolf,"Single-player,Multi-player,PvP,Online PvP,Family Sharing","Casual,Indie,Strategy","Board Game,Tabletop,Strategy,Logic,Puzzle,Colorful,Relaxing,Match 3,Indie,Casual,Touch-Friendly,Turn-Based Strategy,Singleplayer,PvP,2D,Abstract,Multiplayer,PvE,Turn-Based,Dice",2019–2020,Lower-mid price,"Moderate (20,000 < upper bound <= 200,000)",Nonzero below high threshold,High portfolio,stratified_core
966000,Detective Sherlock Pug - Hidden Object. Relaxing games,2019-02-01,2019,0 - 20000,0,0,1.39,0,0,"['English', 'French', 'Italian', 'German', 'Spanish - Spain', 'Japanese', 'Russian', 'Simplified Chinese', 'Korean', 'Dutch']",[],True,True,False,0,0,39,20,5,0,0,0,0,0,Crisp App Studio,Crisp App Studio,"Single-player,Steam Achievements,Steam Leaderboards,Family Sharing","Adventure,Casual,Indie","Indie,Casual,Adventure,Relaxing,Hidden Object,Puzzle,Detective,Family Friendly,Replay Value,Colorful,Cartoony,Funny,Competitive,Comedy,Fantasy,Atmospheric,Singleplayer,Short,Cartoon,Point & Click",2019–2020,Lower-mid price,"Low (upper bound <= 20,000)",Zero CCU,High portfolio,stratified_core
1005530,Club Soccer Director PRO 2020,2019-09-26,2019,0 - 20000,1,0,24.99,0,0,"['English', 'French', 'Italian', 'German', 'Spanish - Spain', 'Dutch', 'Portuguese - Portugal', 'Russian', 'Turkish', 'Korean', 'Simplified Chinese']","['English', 'Simplified Chinese']",True,False,False,0,0,10,16,96,0,0,0,0,0,Go Play Games Ltd,Go Play Games Ltd,"Single-player,Steam Achievements,In-App Purchases,Steam Leaderboards,Family Sharing","Indie,Simulation,Sports,Strategy","Sports,Simulation,Strategy,Indie",2019–2020,High price,"Low (upper bound <= 20,000)",Nonzero below high threshold,Small (1–2 titles),stratified_core
1023370,Hentai Super Girl,2019-02-14,2019,0 - 20000,0,0,0.99,0,0,['English'],['English'],True,False,False,0,0,0,0,100,0,0,0,0,0,Super Girl Game Studio,Super Girl Game Studio,"Single-player,Steam Achievements,Family Sharing","Casual,Simulation",,2019–2020,Low price,"Low (upper bound <= 20,000)",Zero CCU,Small (1–2 titles),stratified_core
1063730,New World: Aeternum,2021-09-28,2021,50000000 - 100000000,5583,0,59.99,0,2,"['English', 'French', 'Italian', 'German', 'Spanish - Spain', 'Polish', 'Portuguese - Brazil', 'Spanish - Latin America']","['English', 'French', 'German', 'Spanish - Spain', 'Portuguese - Brazil', 'Spanish - Latin America']",True,False,False,0,0,196798,90080,133,253342,10500,10,3781,11,Amazon Games,Amazon Games,"Multi-player,MMO,PvP,Online PvP,Co-op,Online Co-op,Steam Achievements,In-App Purchases,Adjustable Text Size,Camera Comfort,Chat Speech-to-text,Chat Text-to-speech,Color Alternatives,Custom Volume Controls,Keyboard Only Option,Playable without Timed Input,Save Anytime,Stereo Sound,Subtitle Options,Surround Sound,Partial Controller Support","Action,Adventure,Massively Multiplayer,RPG","Open World,Massively Multiplayer,MMORPG,RPG,Adventure,Action,PvP,PvE,Multiplayer,Fantasy,Character Customization,Walking Simulator,Crafting,Third Person,Co-op,Open World Survival Craft,Sandbox,Violent,Sexual Content,Singleplayer",2021–2022,High price,"Popular (upper bound > 200,000)",High activity,Small (1–2 titles),edge_high_owners
1083210,符文女孩/Rune Girl,2019-06-28,2019,100000 - 200000,1,0,0.49,51,2,"['Simplified Chinese', 'English', 'Traditional Chinese']",[],True,False,False,0,0,1118,511,60,1574,98,0,77,0,AFOG,DSGame,"Single-player,Steam Cloud,Family Sharing","Adventure,Casual,Indie,RPG","Sexual Content,Indie,Casual,Adventure,RPG,Anime,Nudity,Hentai,Mature,NSFW",2019–2020,Low price,"Moderate (20,000 < upper bound <= 200,000)",Nonzero below high threshold,High portfolio,stratified_core
1090250,Crunch Element,2020-12-18,2020,50000 - 100000,0,0,19.99,0,0,['English'],['English'],True,False,False,0,0,288,287,0,505,188,0,199,0,Dreamlab XR,Dreamlab XR,"Single-player,Multi-player,Co-op,Online Co-op,Tracked Controller Support,VR Only,Family Sharing","Action,Indie,Early Access","FPS,PvE,Shooter,VR,Action,Tactical,Physics,Destruction,Combat,Online Co-Op,Singleplayer,Early Access,Fast-Paced,Indie,Stealth,Co-op,First-Person,Multiplayer,Stylized,Cyberpunk",2019–2020,High price,"Moderate (20,000 < upper bound <= 200,000)",Zero CCU,Small (1–2 titles),stratified_core
1097370,Paladin Lias,2020-07-21,2020,0 - 20000,0,0,2.39,60,0,"['Japanese', 'Simplified Chinese', 'Traditional Chinese', 'English']",[],True,False,False,0,0,0,0,14,456,118,13,118,13,SwordRP5,SwordRP5,"Single-player,Partial Controller Support,Family Sharing","Indie,RPG",,2019–2020,Lower-mid price,"Low (upper bound <= 20,000)",Zero CCU,Small (1–2 titles),diversity_fill
1141280,Super Space Slayer 2,2019-09-22,2019,0 - 20000,0,0,2.99,0,0,['English'],['English'],True,False,False,0,0,0,0,0,0,0,0,0,0,Plasma Beam Games,Plasma Beam Games,"Single-player,Full controller support,Family Sharing","Action,Indie,RPG",,2019–2020,Lower-mid price,"Low (upper bound <= 20,000)",Zero CCU,Small (1–2 titles),stratified_core
1158850,The Great Ace Attorney Chronicles,2021-07-26,2021,200000 - 500000,175,0,15.99,60,2,['English'],[],True,False,False,83,0,7691,467,30,4762,2454,0,2078,0,"CAPCOM Co., Ltd.","CAPCOM Co., Ltd.","Single-player,Steam Achievements,Full controller support,Steam Trading Cards,Steam Cloud,Family Sharing",Adventure,"Visual Novel,Adventure,Detective,Anime,Mystery,Text-Based,3D,Story Rich,Drama,Choose Your Own Adventure,Steampunk,Historical,Retro,Conversation,Singleplayer,Great Soundtrack,Puzzle,Choices Matter,Comedy,Point & Click",2021–2022,High price,"Popular (upper bound > 200,000)",High activity,High portfolio,stratified_core
1200900,Crypto: Against All Odds - Tower Defense,2021-03-02,2021,0 - 20000,0,0,0.76,89,0,"['English', 'Japanese', 'Korean', 'Simplified Chinese', 'Traditional Chinese', 'French', 'German', 'Spanish - Spain', 'Polish', 'Russian']","['English', 'Russian']",True,True,False,0,0,72,12,23,0,0,0,0,0,Pictagor,"PID Games,Dear Villagers","Single-player,Steam Achievements,Full controller support,Steam Cloud,Family Sharing","Casual,Indie,Simulation,Strategy","Tower Defense,Hacking,Indie,Singleplayer,Strategy,Cyberpunk,Tactical,Casual,Base-Building,Arcade,Investigation,Real Time Tactics,Futuristic,Isometric,3D,Abstract,Psychedelic,Artificial Intelligence,Automation,Building",2021–2022,Low price,"Low (upper bound <= 20,000)",Zero CCU,High portfolio,stratified_core
1239260,Barro F,2020-02-28,2020,200000 - 500000,169,0,0.49,0,1,"['English', 'French', 'Italian', 'German', 'Spanish - Spain', 'Bulgarian', 'Simplified Chinese', 'Traditional Chinese', 'Danish', 'Spanish - Latin America', 'Finnish', 'Greek', 'Dutch', 'Hungarian', 'Indonesian', 'Japanese', 'Norwegian', 'Polish', 'Portuguese - Brazil', 'Portuguese - Portugal', 'Romanian', 'Russian', 'Swedish', 'Thai', 'Czech', 'Turkish', 'Ukrainian', 'Vietnamese', 'Arabic', 'Afrikaans', 'Albanian', 'Amharic', 'Armenian', 'Assamese', 'Azerbaijani', 'Basque', 'Bangla', 'Belarusian', 'Bosnian', 'Kannada', 'Catalan', 'Kazakh', 'Cherokee', 'Sinhala', 'Konkani', 'Croatian', 'Dari', 'Slovak', 'Slovenian', 'Estonian', 'Filipino', 'Galician', 'Welsh', 'Georgian', 'Gujarati', 'Hausa', 'Hebrew', 'Hindi', 'Igbo', 'Yoruba', 'Irish', 'Icelandic', 'Khmer', 'Latvian', 'Lithuanian', 'Luxembourgish', 'Macedonian', 'Malayalam', 'Malay', 'Maltese', 'Maori', 'Marathi', 'Mongolian', 'Nepali', 'Odia', 'Punjabi (Gurmukhi)', 'Punjabi (Shahmukhi)', 'Persian', K'iche', 'Kinyarwanda', 'Kyrgyz', 'Quechua', 'Sotho', 'Sindhi', 'Sorani', 'Swahili', 'Serbian', 'Tajik', 'Tigrinya', 'Tswana', 'Turkmen', 'Tatar', 'Tamil', 'Telugu', 'Uyghur', 'Wolof', 'Urdu', 'Uzbek', 'Valencian', 'Xhosa', 'Zulu', 'Scots']",[],True,False,False,0,0,1596,308,15,2126,398,0,105,0,SC Jogos,SC Jogos,"Single-player,Multi-player,PvP,Shared/Split Screen PvP,Shared/Split Screen,Steam Achievements,Steam Trading Cards,Partial Controller Support,Steam Cloud,Steam Leaderboards,Remote Play Together,Family Sharing","Casual,Indie,Racing","Indie,Racing,Sports,Multiplayer,PvP,Arcade,Driving,Automobile Sim,Immersive Sim,Simulation,Time Attack,Local Multiplayer,Singleplayer,Split Screen,Casual,Sequel,Old School,Cartoony,Cartoon,Controller",2019–2020,Low price,"Popular (upper bound > 200,000)",High activity,High portfolio,stratified_core
1249680,Ninshi Masuta,2021-10-29,2021,0 - 20000,0,0,3.49,65,0,"['English', 'Portuguese - Brazil']",[],True,False,True,0,0,13,0,19,0,0,0,0,0,FVS Games,FVS Games,"Single-player,Multi-player,PvP,Shared/Split Screen PvP,Co-op,Shared/Split Screen Co-op,Shared/Split Screen,Steam Achievements,Full controller support,Steam Cloud,Steam Leaderboards,Remote Play on TV,Remote Play Together,Family Sharing","Action,Indie","Side Scroller,2D Platformer,Platformer,2D,Controller,Action,Ninja,Score Attack,Retro,Singleplayer,Indie,Action-Adventure,Beat 'em up,Linear,Arcade,2.5D",2021–2022,Upper-mid price,"Low (upper bound <= 20,000)",Zero CCU,Small (1–2 titles),stratified_core
1257270,The Valley of Super Flowers,2020-03-27,2020,0 - 20000,0,0,0.49,90,0,['English'],[],True,False,True,0,0,2,6,17,0,0,0,0,0,Anamik Majumdar,Anamik Majumdar,"Single-player,Steam Achievements,Partial Controller Support,Family Sharing","Action,Casual,Indie","2D Platformer,Retro,Cute,Platformer,Shooter,Action,Casual,Indie,Gore,Violent,Pixel Graphics,Singleplayer,2D,Cartoony,Colorful,Old School,Family Friendly,Robots,Difficult,Addictive",2019–2020,Low price,"Low (upper bound <= 20,000)",Zero CCU,High portfolio,stratified_core
1271420,Chronicles of Honor,2020-04-17,2020,0 - 20000,0,0,12.99,0,0,['English'],[],True,False,False,0,0,22,5,0,0,0,0,0,0,"Forge Father Games, Inc.","Forge Father Games, Inc.","Single-player,Family Sharing","Action,RPG,Early Access","Action,RPG,Early Access,Third Person,Third-Person Shooter,Sci-fi,Shooter,Transhumanism,Rogue-like",2019–2020,High price,"Low (upper bound <= 20,000)",Zero CCU,High portfolio,stratified_core
1338570,Sheng Tian (升天) - Episode 1,2020-07-31,2020,0 - 20000,0,0,4.99,0,0,['English'],['English'],True,False,False,0,0,9,0,0,0,0,0,0,0,"East Bay Immersive Games, LLC","East Bay Immersive Games, LLC","Single-player,Family Sharing","Indie,Early Access","Education,Word Game,Futuristic,Puzzle,3D,Singleplayer,Sci-fi,Relaxing,Space,Mystery,Indie,Early Access,Robots,Casual,First-Person,Family Friendly",2019–2020,Upper-mid price,"Low (upper bound <= 20,000)",Zero CCU,High portfolio,stratified_core
1373180,The Sea Hotel☆Umineko Tei,2020-09-30,2020,20000 - 50000,0,0,3.63,0,0,"['Japanese', 'Simplified Chinese', 'Traditional Chinese']","['Japanese', 'Traditional Chinese']",True,False,False,0,0,51,8,0,0,238,0,238,0,Inu to Neko,Starship Studio,"Single-player,Steam Cloud,Family Sharing","Adventure,Casual,Indie,RPG,Simulation,Strategy","Strategy,RPG,Cute,Casual,CRPG,Simulation,Interactive Fiction,Strategy RPG,Management,Clicker,JRPG,Adventure,Life Sim,2D,Anime,Colorful,Drama,Story Rich,Comedy,Fantasy",2019–2020,Upper-mid price,"Moderate (20,000 < upper bound <= 200,000)",Zero CCU,High portfolio,stratified_core
1413660,Elderand,2023-02-16,2023,0 - 20000,9,0,6.79,66,0,"['English', 'Portuguese - Brazil', 'French', 'German', 'Russian', 'Simplified Chinese', 'Spanish - Latin America', 'Korean', 'Traditional Chinese', 'Italian']","['English', 'Italian']",True,False,False,0,0,534,171,32,500,167,0,222,0,"Mantra,Sinergia Games",Graffiti Games,"Single-player,Steam Achievements,Full controller support,Steam Cloud,Remote Play on TV,Family Sharing","Action,Adventure,Indie,RPG","RPG,Metroidvania,Side Scroller,Action RPG,2D,Gothic,Lovecraftian,Adventure,Character Customization,Action,Gore,Combat,Indie,Singleplayer,Violent,Dark Fantasy,Hack and Slash,Action-Adventure,2D Platformer,Platformer",2023 through 2023-11-21,High price,"Low (upper bound <= 20,000)",Nonzero below high threshold,High portfolio,stratified_core
1418360,Lonesome Village,2022-11-01,2022,0 - 20000,1,0,8.99,55,3,"['English', 'Japanese', 'Spanish - Latin America', 'Italian', 'Spanish - Spain', 'Portuguese - Brazil', 'Portuguese - Portugal', 'German', 'Korean', 'Simplified Chinese']",[],True,True,True,0,0,156,49,15,149,459,0,477,0,Ogre Pixel,Ogre Pixel,"Single-player,Steam Achievements,Full controller support,Steam Cloud,Family Sharing","Adventure,Indie","Cozy,Adventure,Puzzle,Life Sim,Exploration,Wholesome,Indie,Relaxing,Crafting,Top-Down,2D,Family Friendly,Collectathon,Character Customization,Fox,Controller,Cute,Colorful,Singleplayer,Simulation",2021–2022,High price,"Low (upper bound <= 20,000)",Nonzero below high threshold,High portfolio,stratified_core
1465260,Cyberpunk SFX,2020-11-29,2020,0 - 20000,0,0,1.19,88,0,"['English', 'French', 'Italian', 'German', 'Spanish - Spain', 'Traditional Chinese', 'Simplified Chinese', 'Korean', 'Polish', 'Russian', 'Turkish', 'Japanese']",[],True,False,False,0,0,102,52,5,187,0,0,0,0,Whale Rock Games,Whale Rock Games,"Single-player,Steam Achievements,Playable without Timed Input,Save Anytime,Partial Controller Support,Steam Cloud,Family Sharing","Action,Adventure,Indie,Simulation,Early Access","Early Access,Adventure,Cyberpunk,Action,Stealth,Noir,Action-Adventure,Fighting,Shooter,Character Action Game,3D Fighter,Spectacle fighter,Arena Shooter,Third-Person Shooter,Comedy,Cinematic,Third Person,Atmospheric,Sci-fi,Robots",2019–2020,Low price,"Low (upper bound <= 20,000)",Zero CCU,High portfolio,stratified_core
1532510,Purrfect Apawcalypse: Love at Furst Bite,2021-02-16,2021,20000 - 50000,1,0,4.99,0,0,"['English', 'Portuguese - Brazil', 'Simplified Chinese', 'Polish', 'Korean', 'Spanish - Spain', 'Japanese', 'Ukrainian']",[],True,True,True,0,0,782,8,23,765,162,0,162,0,"Denny Truong,Andy Schneider",90% Studios,"Single-player,Steam Achievements,Family Sharing","Adventure,Indie,RPG","Choose Your Own Adventure,Visual Novel,Cats,LGBTQ+,Dog,Horror,Dark Comedy,Story Rich,Dating Sim,Interactive Fiction,Demons,Post-apocalyptic,Magic,Supernatural,Choices Matter,Cute,Multiple Endings,Cartoon,RPG,Adventure",2021–2022,Upper-mid price,"Moderate (20,000 < upper bound <= 200,000)",Nonzero below high threshold,Middle portfolio,stratified_core
1544810,HANDMADE CARPROGRAM,2021-03-15,2021,0 - 20000,0,0,1.79,0,0,"['English', 'Japanese', 'French', 'Traditional Chinese', 'Italian', 'German', 'Arabic', 'Ukrainian', 'Spanish - Latin America', 'Thai', 'Turkish', 'Portuguese - Portugal', 'Portuguese - Brazil', 'Russian', 'Simplified Chinese', 'Korean', 'Spanish - Spain', 'Dutch', 'Greek', 'Swedish', 'Czech', 'Danish', 'Norwegian', 'Hungarian', 'Finnish', 'Bulgarian', 'Polish', 'Romanian', 'Vietnamese']",[],True,False,False,0,0,0,1,0,0,0,0,0,0,"ストロングツリー(HusHucHuライス),Strong Tree (HusHucHu Rice)","ストロングツリー(HusHucHuライス),Strong Tree (HusHucHu Rice)","Single-player,Multi-player,Partial Controller Support,Family Sharing",Simulation,"Simulation,Software,Utilities,2D Platformer,3D Platformer,Precision Platformer,2D,3D,Cute,Colorful,Game Development,Controller,Singleplayer,Multiplayer,Programming,City Builder,Open World",2021–2022,Lower-mid price,"Low (upper bound <= 20,000)",Zero CCU,Small (1–2 titles),stratified_core;edge_zero_ccu
1560770,Tower of Waifus 2,2021-06-17,2021,0 - 20000,1,0,0.59,70,1,"['English', 'Simplified Chinese']","['English', 'Simplified Chinese']",True,False,False,0,0,150,37,25,209,40,0,40,0,Galart,Mature Games,"Single-player,Steam Achievements,Steam Cloud,Family Sharing","Action,Adventure,Casual,Indie,Strategy","Casual,Sexual Content,Nudity,RPG,Puzzle,Visual Novel,Adventure,Action,Hentai,Match 3,Comedy,2D,Anime,Relaxing,Romance,Indie,Singleplayer,Choices Matter,Strategy,Cute",2021–2022,Low price,"Low (upper bound <= 20,000)",Nonzero below high threshold,High portfolio,stratified_core
1575230,Paid Trade,2021-03-29,2021,0 - 20000,0,0,1.99,0,0,['English'],[],True,False,False,0,0,2,1,0,0,0,0,0,0,Jonas Tag,Jonas Tag,"Single-player,Family Sharing",Casual,"Casual,Trivia,Education,Typing,Clicker,Split Screen,2D,Minimalist,Economy,Relaxing,Capitalism,Text-Based,Singleplayer",2021–2022,Lower-mid price,"Low (upper bound <= 20,000)",Zero CCU,Small (1–2 titles),stratified_core
1588760,Switchball HD,2021-05-17,2021,0 - 20000,0,0,6.49,50,0,"['English', 'French', 'Italian', 'German', 'Spanish - Spain', 'Russian', 'Simplified Chinese']",[],True,False,False,0,0,144,23,9,136,16,0,16,0,Atomic Elbow,Atomic Elbow,"Single-player,Steam Achievements,Full controller support,Steam Cloud,Steam Leaderboards,Family Sharing","Casual,Indie,Simulation","Arcade,Physics,Casual,Puzzle-Platformer,3D Platformer,Immersive Sim,Puzzle,Board Game,Realistic,Logic,Controller,Indie,Platformer,Adventure,Precision Platformer,Simulation,Retro,3D,Singleplayer,Family Friendly",2021–2022,High price,"Low (upper bound <= 20,000)",Zero CCU,Small (1–2 titles),stratified_core
1655440,Themes of Dark and Light,2021-09-15,2021,0 - 20000,0,0,3.49,50,0,"['English', 'French', 'German', 'Spanish - Spain', 'Russian', 'Simplified Chinese', 'Portuguese - Brazil', 'Italian', 'Polish', 'Swedish', 'Turkish']",[],True,False,False,0,0,2,0,17,0,0,0,0,0,Carriage Developed,Carriage Developed,"Single-player,Steam Achievements,Steam Workshop,Partial Controller Support,Steam Cloud,Steam Leaderboards,Includes level editor,Family Sharing","Casual,Indie","Puzzle-Platformer,Casual,2D Platformer,Level Editor,Minimalist,Puzzle,Platformer,Side Scroller,2D,Indie,Logic,Physics,Singleplayer",2021–2022,Upper-mid price,"Low (upper bound <= 20,000)",Zero CCU,Small (1–2 titles),stratified_core
1708340,BlazingAngel Mistletear,2023-07-20,2023,0 - 20000,0,0,11.19,30,0,"['English', 'Simplified Chinese', 'Traditional Chinese']",[],True,False,False,0,0,9,4,0,0,0,0,0,0,mille-feuille,DLsite,"Single-player,Full controller support,Steam Cloud,Family Sharing","Action,Adventure,Indie","Side Scroller,2D Platformer,Hack and Slash,Beat 'em up,2D Fighter,Arcade,Action-Adventure,2D,Cute,Cyberpunk,Controller,Action,Text-Based,Conversation,Anime,Pixel Graphics,Sci-fi,Adventure,Fantasy,Old School",2023 through 2023-11-21,High price,"Low (upper bound <= 20,000)",Zero CCU,High portfolio,stratified_core
1740720,Have a Nice Death,2023-03-22,2023,200000 - 500000,91,0,9.99,60,2,"['English', 'French', 'Italian', 'German', 'Spanish - Spain', 'Japanese', 'Korean', 'Portuguese - Brazil', 'Russian', 'Simplified Chinese', 'Traditional Chinese']",[],True,False,False,81,0,8588,1351,37,9388,496,98,272,98,Magic Design Studios,Arc Games,"Single-player,Full controller support,Family Sharing","Action,Indie","Action Roguelike,Hack and Slash,Singleplayer,2D,Funny,Action,2D Platformer,Cartoony,Dark Humor,Cartoon,Rogue-like,Gothic,Rogue-lite,Controller,Comedy,Indie,Combat,Metroidvania,Early Access,Platformer",2023 through 2023-11-21,High price,"Popular (upper bound > 200,000)",High activity,High portfolio,stratified_core
1785150,Friends vs Friends,2023-05-30,2023,200000 - 500000,136,0,2.49,75,5,"['English', 'French', 'Italian', 'German', 'Spanish - Spain', 'Japanese', 'Portuguese - Brazil', 'Russian', 'Simplified Chinese', 'Ukrainian', 'Czech', 'Korean', 'Polish', 'Portuguese - Portugal', 'Turkish', 'Spanish - Latin America']","['English', 'Spanish - Latin America']",True,False,False,0,0,11066,2247,29,10215,344,223,182,412,Brainwash Gang,Raw Fury,"Multi-player,PvP,Online PvP,Co-op,Online Co-op,Cross-Platform Multiplayer,Steam Achievements,Full controller support,Family Sharing","Action,Indie","Card Game,Action,Old School,Online Co-Op,Co-op,FPS,Battle Royale,Colorful,Multiplayer,Team-Based,Indie,PvP,Shooter,Combat,Arena Shooter,First-Person,Hero Shooter,Pixel Graphics,Gun Customization,Destruction",2023 through 2023-11-21,Lower-mid price,"Popular (upper bound > 200,000)",High activity,High portfolio,stratified_core
1836120,QUICKERFLAK,2022-01-12,2022,100000 - 200000,125,0,0.49,73,0,"['English', 'French', 'Italian', 'German', 'Spanish - Spain', 'Bulgarian', 'Simplified Chinese', 'Traditional Chinese', 'Korean', 'Danish', 'Spanish - Latin America', 'Finnish', 'Greek', 'Dutch', 'Hungarian', 'Japanese', 'Norwegian', 'Polish', 'Portuguese - Brazil', 'Portuguese - Portugal', 'Romanian', 'Russian', 'Swedish', 'Thai', 'Czech', 'Turkish', 'Ukrainian', 'Vietnamese', 'Arabic', 'Afrikaans', 'Albanian', 'Amharic', 'Armenian', 'Assamese', 'Azerbaijani', 'Basque', 'Bangla', 'Belarusian', 'Bosnian', 'Kannada', 'Catalan', 'Kazakh', 'Cherokee', 'Sinhala', 'Konkani', 'Croatian', 'Dari', 'Slovak', 'Slovenian', 'Estonian', 'Filipino', 'Galician', 'Welsh', 'Georgian', 'Gujarati', 'Hausa', 'Hebrew', 'Hindi', 'Igbo', 'Indonesian', 'Yoruba', 'Irish', 'Icelandic', 'Khmer', 'Latvian', 'Lithuanian', 'Luxembourgish', 'Macedonian', 'Malayalam', 'Malay', 'Maltese', 'Maori', 'Marathi', 'Mongolian', 'Nepali', 'Odia', 'Punjabi (Gurmukhi)', 'Punjabi (Shahmukhi)', 'Persian', K'iche', 'Kinyarwanda', 'Kyrgyz', 'Quechua', 'Sotho', 'Sindhi', 'Sorani', 'Swahili', 'Serbian', 'Tajik', 'Tigrinya', 'Tswana', 'Turkmen', 'Tatar', 'Tamil', 'Telugu', 'Uyghur', 'Wolof', 'Urdu', 'Uzbek', 'Valencian', 'Xhosa', 'Zulu', 'Scots']","['English', 'French', 'Italian', 'German', 'Spanish - Spain', 'Bulgarian', 'Simplified Chinese', 'Traditional Chinese', 'Korean', 'Danish', 'Spanish - Latin America', 'Finnish', 'Greek', 'Dutch', 'Hungarian', 'Japanese', 'Norwegian', 'Polish', 'Portuguese - Brazil', 'Portuguese - Portugal', 'Romanian', 'Russian', 'Swedish', 'Thai', 'Czech', 'Turkish', 'Ukrainian', 'Vietnamese', 'Arabic', 'Afrikaans', 'Albanian', 'Amharic', 'Armenian', 'Assamese', 'Azerbaijani', 'Basque', 'Bangla', 'Belarusian', 'Bosnian', 'Kannada', 'Catalan', 'Kazakh', 'Cherokee', 'Sinhala', 'Konkani', 'Croatian', 'Dari', 'Slovak', 'Slovenian', 'Estonian', 'Filipino', 'Galician', 'Welsh', 'Georgian', 'Gujarati', 'Hausa', 'Hebrew', 'Hindi', 'Igbo', 'Indonesian', 'Yoruba', 'Irish', 'Icelandic', 'Khmer', 'Latvian', 'Lithuanian', 'Luxembourgish', 'Macedonian', 'Malayalam', 'Malay', 'Maltese', 'Maori', 'Marathi', 'Mongolian', 'Nepali', 'Odia', 'Punjabi (Gurmukhi)', 'Punjabi (Shahmukhi)', 'Persian', K'iche', 'Kinyarwanda', 'Kyrgyz', 'Quechua', 'Sotho', 'Sindhi', 'Sorani', 'Swahili', 'Serbian', 'Tajik', 'Tigrinya', 'Tswana', 'Turkmen', 'Tatar', 'Tamil', 'Telugu', 'Uyghur', 'Wolof', 'Urdu', 'Uzbek', 'Valencian', 'Xhosa', 'Zulu', 'Scots']",True,False,False,0,0,198,14,9,1400,343,160,381,177,Walter Machado,Walter Machado,"Single-player,Steam Achievements,Steam Trading Cards,Partial Controller Support,Family Sharing","Action,Adventure,Casual,Indie","Retro,Top-Down,Old School,Isometric,Stylized,Psychedelic,Bullet Hell,Combat,Minimalist,Rogue-lite,Action,Pixel Graphics,Casual,Surreal,Music-Based Procedural Generation,Lovecraftian,Dark,Gothic,Twin Stick Shooter,Dystopian",2021–2022,Low price,"Moderate (20,000 < upper bound <= 200,000)",High activity,High portfolio,stratified_core
1882420,Learn Programming: Python - Remake,2022-02-21,2022,20000 - 50000,3,0,1.79,0,0,['English'],[],True,True,True,0,0,37,16,14,0,0,0,0,0,Niema Moshiri,Niema Moshiri,"Single-player,Steam Achievements,Partial Controller Support,Steam Cloud,Remote Play on Phone,Remote Play on Tablet,Remote Play on TV,Remote Play Together,Family Sharing","Casual,Indie","Casual,Education,Programming,Text-Based,2D,Minimalist,Science,Controller,Indie,Singleplayer,Remake",2021–2022,Lower-mid price,"Moderate (20,000 < upper bound <= 200,000)",Nonzero below high threshold,Small (1–2 titles),stratified_core
1894600,Monster,2022-09-02,2022,0 - 20000,1,0,1.49,50,0,"['English', 'Japanese', 'Simplified Chinese', 'Traditional Chinese', 'Korean']",[],True,False,False,0,0,0,0,0,263,26,0,28,0,ASOBI,ASOBI,"Single-player,Family Sharing","Casual,Indie,Strategy",,2021–2022,Lower-mid price,"Low (upper bound <= 20,000)",Nonzero below high threshold,High portfolio,stratified_core
2009420,Zaxterion: Space Frenzy!,2022-09-09,2022,0 - 20000,0,0,7.99,0,1,['English'],[],True,False,False,0,0,8,2,98,0,0,0,0,0,ZaxtorGameS,ZaxtorGameS,"Single-player,Steam Achievements,Full controller support,Steam Leaderboards,Family Sharing","Action,Indie","Action,Adventure,Arcade,Shoot 'Em Up,2D,Pixel Graphics,Old School,Retro,Space,Indie,Combat,Singleplayer,Action Roguelike,Action-Adventure,Rogue-like,Bullet Hell,Rogue-lite,Controller",2021–2022,High price,"Low (upper bound <= 20,000)",Zero CCU,High portfolio,stratified_core
2062610,Phantom Club (CPC/Spectrum),2022-07-11,2022,50000 - 100000,0,0,3.99,0,0,['English'],[],True,False,False,0,0,3,0,0,0,0,0,0,0,Ocean Software,Pixel Games UK,"Single-player,Full controller support,Steam Cloud,Family Sharing",Action,"Superhero,Isometric,Action,Retro,Pixel Graphics,Third-Person Shooter,Puzzle,Platformer,Shooter,1980s,Old School,Combat,Singleplayer",2021–2022,Upper-mid price,"Moderate (20,000 < upper bound <= 200,000)",Zero CCU,High portfolio,stratified_core
2123430,BULLCRAP!,2023-10-04,2023,0 - 20000,0,0,5.99,0,0,['English'],['English'],True,False,False,0,0,4,0,8,0,0,0,0,0,Loaded Deck Games,Loaded Deck Games,"Single-player,Multi-player,PvP,Online PvP,Family Sharing","Casual,Indie,Strategy","Casual,Card Game,Strategy,Multiplayer,Board Game,Tabletop,Indie,Solitaire,Cartoony,Top-Down,Agriculture,Tactical,Card Battler",2023 through 2023-11-21,Upper-mid price,"Low (upper bound <= 20,000)",Zero CCU,Small (1–2 titles),stratified_core
2164880,Tilecraft,2022-10-27,2022,0 - 20000,0,0,0.99,0,0,['English'],[],True,True,False,0,0,34,16,0,0,0,0,0,0,Stephen Hubbard,Hubbard Games,"Single-player,Family Sharing","Casual,Indie,Strategy","Strategy,Exploration,Time Management,Casual,RTS,2D,Top-Down,Relaxing,Base-Building,Procedural Generation,Indie,Minimalist,Pixel Graphics,Logic,Singleplayer",2021–2022,Low price,"Low (upper bound <= 20,000)",Zero CCU,Small (1–2 titles),stratified_core
2205710,Hentai Beauty,2022-11-22,2022,0 - 20000,0,0,0.49,0,0,['English'],[],True,False,False,0,0,0,0,0,0,0,0,0,0,Reddiamondgames,Reddiamondgames,"Single-player,Family Sharing","Casual,Indie",,2021–2022,Low price,"Low (upper bound <= 20,000)",Zero CCU,High portfolio,stratified_core;edge_missing_tags;edge_low_price
2265760,Chosun Zombie Defense,2023-02-09,2023,0 - 20000,0,0,13.29,30,0,"['English', 'French', 'German', 'Japanese', 'Korean', 'Simplified Chinese', 'Traditional Chinese']","['Korean', 'Traditional Chinese']",True,False,False,0,0,0,0,0,0,0,0,0,0,Geniesoft Inc.,Geniesoft Inc.,"Single-player,Multi-player,Co-op,Online Co-op,Cross-Platform Multiplayer,Tracked Controller Support,VR Only,Family Sharing","Action,Adventure,Casual,Indie,Early Access",,2023 through 2023-11-21,High price,"Low (upper bound <= 20,000)",Zero CCU,High portfolio,stratified_core
2268470,HOPE LEFT ME,2023-03-10,2023,20000 - 50000,1,0,1.99,0,1,['English'],[],True,False,True,0,0,626,24,5,687,47,0,47,0,Astrophysics,.orphans,"Single-player,Steam Achievements,Family Sharing","Casual,Indie","Visual Novel,Atmospheric,Casual,Noir,Dystopian,Philosophical,Anime,Stylized,Text-Based,Indie,Conversation,Multiple Endings,Linear,Singleplayer,Great Soundtrack",2023 through 2023-11-21,Lower-mid price,"Moderate (20,000 < upper bound <= 200,000)",Nonzero below high threshold,Small (1–2 titles),stratified_core
2270520,No Way Out,2023-03-03,2023,0 - 20000,0,0,1.99,60,0,['English'],[],True,False,True,0,0,7,4,9,0,0,0,0,0,bati,bati,"Single-player,Steam Achievements,Family Sharing","Adventure,Casual,Indie","Retro,Psychological Horror,Multiple Endings,Exploration,Puzzle,Time Management,First-Person,Walking Simulator,Adventure,Dystopian,3D,Mystery,Atmospheric,Singleplayer,Nonlinear,Story Rich,Stylized,Dark,Old School,Horror",2023 through 2023-11-21,Lower-mid price,"Low (upper bound <= 20,000)",Zero CCU,Small (1–2 titles),stratified_core
2312170,pWordle,2023-03-21,2023,0 - 20000,0,0,0.59,80,2,"['English', 'French', 'Italian', 'German', 'Spanish - Spain', 'Czech', 'Dutch', 'Polish', 'Portuguese - Portugal', 'Romanian', 'Russian', 'Spanish - Latin America', 'Swedish', 'Danish', 'Finnish', 'Greek', 'Norwegian', 'Portuguese - Brazil', 'Ukrainian', 'Indonesian', 'Turkish']","['English', 'French', 'Italian', 'German', 'Spanish - Spain', 'Czech', 'Dutch', 'Polish', 'Portuguese - Portugal', 'Romanian', 'Russian', 'Spanish - Latin America', 'Swedish', 'Danish', 'Finnish', 'Greek', 'Norwegian', 'Portuguese - Brazil', 'Ukrainian', 'Indonesian', 'Turkish']",True,False,False,0,0,10,1,21,0,0,0,0,0,HawkX Games,HawkX Games,"Single-player,Steam Achievements,Full controller support,Camera Comfort,Color Alternatives,Custom Volume Controls,Keyboard Only Option,Mouse Only Option,Playable without Timed Input,Save Anytime,Subtitle Options,Touch Only Option,Steam Cloud,Family Sharing","Casual,Indie,Strategy","Casual,Word Game,Puzzle,Relaxing,Family Friendly,Spelling,Tabletop,Education,Logic,Board Game,Trivia,Typing,Text-Based,Singleplayer,Strategy,Cute,Cats,Colorful,Stylized,Atmospheric",2023 through 2023-11-21,Low price,"Low (upper bound <= 20,000)",Zero CCU,Small (1–2 titles),stratified_core
2314050,Waifu Space Conquest,2023-05-25,2023,0 - 20000,0,0,2.49,50,1,"['English', 'French', 'Italian', 'German', 'Spanish - Spain', 'Simplified Chinese', 'Traditional Chinese', 'Korean', 'Japanese', 'Portuguese - Portugal']",[],True,False,True,0,0,1,0,0,0,0,0,0,0,Sweet Banana Games,Gamuzumi,"Single-player,Full controller support,Family Sharing","Action,Casual,Indie","Bullet Hell,Action,Casual,Shooter,Arcade,2D,Cute,Controller,Anime,Colorful,Pixel Graphics,Indie,Space,Aliens,Combat,Singleplayer",2023 through 2023-11-21,Lower-mid price,"Low (upper bound <= 20,000)",Zero CCU,High portfolio,stratified_core
2383710,Caveman Ransom,2023-05-22,2023,0 - 20000,0,0,0.69,86,0,"['English', 'French', 'Italian', 'German', 'Spanish - Spain', 'Japanese', 'Portuguese - Portugal']",[],True,False,True,0,0,10,0,12,0,0,0,0,0,SEEP,SEEP,"Single-player,Steam Achievements,Partial Controller Support,Family Sharing","Action,Adventure,Casual,Indie","Adventure,Action,Casual,Arcade,Action-Adventure,Side Scroller,2D Platformer,2D,Cartoony,Stylized,1980s,1990's,Dinosaurs,Comedy,Funny,Retro,Relaxing,Combat,Physics,Linear",2023 through 2023-11-21,Low price,"Low (upper bound <= 20,000)",Zero CCU,High portfolio,stratified_core
2387820,Beach Gas Gas,2023-05-03,2023,0 - 20000,0,0,4.99,0,0,"['English', 'French', 'Italian', 'German', 'Spanish - Spain', 'Arabic', 'Bulgarian', 'Portuguese - Brazil', 'Hungarian', 'Vietnamese', 'Greek', 'Danish', 'Indonesian', 'Spanish - Latin America', 'Traditional Chinese', 'Simplified Chinese', 'Korean', 'Dutch', 'Norwegian', 'Polish', 'Portuguese - Portugal', 'Romanian', 'Russian', 'Thai', 'Turkish', 'Ukrainian', 'Finnish', 'Czech', 'Swedish', 'Japanese', 'Azerbaijani', 'Albanian', 'Amharic', 'Armenian', 'Assamese', 'Afrikaans', 'Basque', 'Belarusian', 'Bangla', 'Bosnian', 'Valencian', 'Welsh', 'Wolof', 'Galician', 'Georgian', 'Gujarati', 'Dari', 'Zulu', 'Hebrew', 'Igbo', 'Irish', 'Icelandic', 'Yoruba', 'Kazakh', 'Kannada', 'Catalan', 'Quechua', 'Kinyarwanda', K'iche', 'Konkani', 'Xhosa', 'Khmer', 'Kyrgyz', 'Latvian', 'Lithuanian', 'Luxembourgish', 'Macedonian', 'Malay', 'Malayalam', 'Maltese', 'Maori', 'Marathi', 'Mongolian', 'Nepali', 'Odia', 'Punjabi (Gurmukhi)', 'Punjabi (Shahmukhi)', 'Persian', 'Serbian', 'Sotho', 'Sinhala', 'Sindhi', 'Slovak', 'Slovenian', 'Sorani', 'Swahili', 'Tajik', 'Tamil', 'Tatar', 'Telugu', 'Tigrinya', 'Tswana', 'Turkmen', 'Uzbek', 'Uyghur', 'Urdu', 'Filipino', 'Hausa', 'Hindi', 'Croatian', 'Cherokee', 'Scots', 'Estonian']",[],True,False,False,0,0,10,3,0,0,0,0,0,0,Gamesforgames,Gamesforgames,"Single-player,Partial Controller Support,Remote Play Together,Family Sharing","Casual,Indie,Racing,Simulation,Sports","Casual,Simulation,Racing,Sports,Action-Adventure,Automobile Sim,Auto Battler,Automation,Character Customization,Choices Matter,Indie,Controller,Nonlinear,Open World,Singleplayer,Driving",2023 through 2023-11-21,Upper-mid price,"Low (upper bound <= 20,000)",Zero CCU,High portfolio,stratified_core
2490910,富甲天下5,2023-08-10,2023,20000 - 50000,24,0,5.27,34,0,"['Simplified Chinese', 'Traditional Chinese']","['Simplified Chinese', 'Traditional Chinese']",True,False,False,0,0,113,89,0,203,33,0,33,0,"T-Time Technology CO., LTD.","T-Time Technology CO., LTD.","Single-player,Multi-player,PvP,Shared/Split Screen PvP,Shared/Split Screen,Steam Cloud,Remote Play Together,Family Sharing","RPG,Strategy","Strategy,RPG,Card Game,Turn-Based Strategy,Party-Based RPG,Board Game,Strategy RPG,Turn-Based Tactics,Tactical RPG,Cute,Drama,Funny,PvP,Turn-Based Combat,Singleplayer,Multiplayer",2023 through 2023-11-21,Upper-mid price,"Moderate (20,000 < upper bound <= 200,000)",Nonzero below high threshold,High portfolio,stratified_core
2504210,The Leverage Game Business Edition,2023-08-26,2023,0 - 20000,0,0,999.98,0,0,"['English', 'Japanese']","['English', 'Japanese']",True,False,False,0,0,0,0,0,0,0,0,0,0,A&S Inc.,A&S Inc.,"Single-player,Multi-player,PvP,Family Sharing","Indie,Simulation",,2023 through 2023-11-21,High price,"Low (upper bound <= 20,000)",Zero CCU,Small (1–2 titles),edge_high_price
2544720,Workplace Fantasy,2023-11-15,2023,0 - 20000,114,0,4.99,50,4,"['Simplified Chinese', 'Traditional Chinese', 'English', 'Japanese', 'Korean', 'French', 'Russian', 'Thai', 'Portuguese - Portugal', 'Spanish - Spain', 'Spanish - Latin America', 'Turkish', 'Portuguese - Brazil', 'Indonesian', 'Polish']",[],True,True,False,0,0,0,0,35,1363,901,0,607,0,HappyCreator,HappyCreator,"Single-player,Steam Cloud,Family Sharing","Adventure,Indie,RPG",,2023 through 2023-11-21,Upper-mid price,"Low (upper bound <= 20,000)",High activity,Small (1–2 titles),stratified_core
2621900,Railway Islands 2 - Puzzle,2023-11-20,2023,0 - 20000,1,0,0.69,0,0,"['English', 'Portuguese - Brazil', 'German', 'Spanish - Spain', 'Simplified Chinese']",[],True,False,False,0,0,28,4,15,0,0,0,0,0,Rising Moon Games,Rising Moon Games,"Single-player,Steam Achievements,Steam Workshop,Steam Cloud,Includes level editor,Family Sharing","Casual,Indie","Casual,Puzzle,Trains,Colorful,Stylized,Hex Grid,Level Editor,Isometric,Minimalist,Games Workshop,Atmospheric,Transportation,Indie,Grid-Based Movement,Singleplayer,Cozy",2023 through 2023-11-21,Low price,"Low (upper bound <= 20,000)",Nonzero below high threshold,High portfolio,stratified_core
2650840,nekowater,2023-11-21,2023,0 - 20000,0,0,0.99,50,0,"['English', 'Japanese', 'Simplified Chinese', 'Russian']",[],True,False,False,0,0,26,8,6,0,0,0,0,0,LuuuLuuuL,LuuuLuuuL,"Single-player,Steam Achievements,Steam Cloud,Remote Play Together,Family Sharing","Adventure,Casual,Indie","Adventure,Cats,Cute,First-Person,Exploration,Atmospheric,Walking Simulator,Action-Adventure,3D Platformer,Hidden Object,3D,Relaxing,Multiple Endings,Conversation,Indie,Story Rich,Singleplayer,Casual",2023 through 2023-11-21,Low price,"Low (upper bound <= 20,000)",Zero CCU,High portfolio,edge_near_cutoff
